"Register","Nº","Campo","Descrição","Tipo","Tam","Dec","Obrig","Entr","Saídas"
"0000","01","REG","Texto fixo contendo “0000”.","C","004","-","O","",""
"0000","02","COD_VER","Código da versão do leiaute conforme a tabela indicada no Ato COTEPE.","N","003*","-","O","",""
"0000","03","COD_FIN","Código da finalidade do arquivo: 0 - Remessa do arquivo original; 1 - Remessa do arquivo substituto.","N","001","-","O","",""
"0000","04","DT_INI","Data inicial das informações contidas no arquivo.","N","008*","-","O","",""
"0000","05","DT_FIN","Data final das informações contidas no arquivo.","N","008*","-","O","",""
"0000","06","NOME","Nome empresarial da entidade.","C","100","-","O","",""
"0000","07","CNPJ","Número de inscrição da entidade no CNPJ.","C","014*","-","OC","",""
"0000","08","CPF","Número de inscrição da entidade no CPF.","N","011*","","OC","",""
"0000","09","UF","Sigla da unidade da federação da entidade.","C","002*","-","O","",""
"0000","10","IE","Inscrição Estadual da entidade.","C","014","-","O","",""
"0000","11","COD_MUN","Código do município do domicílio fiscal da entidade, conforme a tabela IBGE","N","007*","-","O","",""
"0000","12","IM","Inscrição Municipal da entidade.","C","-","-","OC","",""
"0000","13","SUFRAMA","Inscrição da entidade na SUFRAMA","C","009*","-","OC","",""
"0000","14","IND_PERFIL","Perfil de apresentação do arquivo fiscal; A – Perfil A; B – Perfil B.; C – Perfil C.","C","001","-","O","",""
"0000","15","IND_ATIV","Indicador de tipo de atividade: 0 – Industrial ou equiparado a industrial; 1 – Outros.","N","001","-","O","",""
"0001","01","REG","Texto fixo contendo “0001”.","C","004","-","O","",""
"0001","02","IND_MOV","Indicador de movimento: 0- Bloco com dados informados; 1- Bloco sem dados informados.","N","001","-","O","",""
"0002","01","REG","Texto fixo contendo “0002”.","C","004","-","O","",""
"0002","02","CLAS_ESTAB_IND","Informar a classificação do estabelecimento conforme tabela 4.5.5","N","002","-","O","",""
"0005","01","REG","Texto fixo contendo “0005”","C","004","-","O","",""
"0005","02","FANTASIA","Nome de fantasia associado ao nome empresarial.","C","060","-","O","",""
"0005","03","CEP","Código de Endereçamento Postal.","N","008*","-","O","",""
"0005","04","END","Logradouro e endereço do imóvel.","C","060","-","O","",""
"0005","05","NUM","Número do imóvel.","C","010","-","OC","",""
"0005","06","COMPL","Dados complementares do endereço.","C","060","-","OC","",""
"0005","07","BAIRRO","Bairro em que o imóvel está situado.","C","060","-","O","",""
"0005","08","FONE","Número do telefone (DDD+FONE).","C","11","-","OC","",""
"0005","09","FAX","Número do fax.","C","11","-","OC","",""
"0005","10","EMAIL","Endereço do correio eletrônico.","C","-","-","OC","",""
"0015","01","REG","Texto fixo contendo ""0015""","C","004","-","O","",""
"0015","02","UF_ST","Sigla da unidade da federação do contribuinte substituído ou unidade de federação do consumidor final não contribuinte - ICMS Destino EC 87/15.","C","002*","-","O","",""
"0015","03","IE_ST","Inscrição Estadual do contribuinte substituto na unidade da federação do contribuinte substituído ou unidade de federação do consumidor final não contribuinte - ICMS Destino EC 87/15.","C","014","-","O","",""
"0100","01","REG","Texto fixo contendo “0100”.","C","004","-","O","",""
"0100","02","NOME","Nome do contabilista.","C","100","-","O","",""
"0100","03","CPF","Número de inscrição do contabilista no CPF.","N","011*","-","O","",""
"0100","04","CRC","Número de inscrição do contabilista no Conselho Regional de Contabilidade.","C","015","-","O","",""
"0100","05","CNPJ","Número de inscrição do escritório de contabilidade no CNPJ, se houver.","C","014*","-","OC","",""
"0100","06","CEP","Código de Endereçamento Postal.","N","008*","-","OC","",""
"0100","07","END","Logradouro e endereço do imóvel.","C","060","-","OC","",""
"0100","08","NUM","Número do imóvel.","C","010","-","OC","",""
"0100","09","COMPL","Dados complementares do endereço.","C","060","-","OC","",""
"0100","10","BAIRRO","Bairro em que o imóvel está situado.","C","060","-","OC","",""
"0100","11","FONE","Número do telefone (DDD+FONE).","C","11","-","OC","",""
"0100","12","FAX","Número do fax.","C","11","-","OC","",""
"0100","13","EMAIL","Endereço do correio eletrônico.","C","-","-","O","",""
"0100","14","COD_MU N","Código do município, conforme tabela IBGE.","N","007*","-","O","",""
"0150","01","REG","Texto fixo contendo “0150”.","C","004","-","O","",""
"0150","02","COD_PART","Código de identificação do participante no arquivo.","C","060","-","","",""
"0150","03","NOME","Nome pessoal ou empresarial do participante.","C","100","-","O","",""
"0150","04","COD_PAIS","Código do país do participante, conforme a tabela indicada no item 3.2.1","N","005","-","O","",""
"0150","05","CNPJ","CNPJ do participante.","C","014*","-","OC","",""
"0150","06","CPF","CPF do participante.","N","011*","-","OC","",""
"0150","07","IE","Inscrição Estadual do participante.","C","014","-","OC","",""
"0150","08","COD_MUN","Código do município, conforme a tabela IBGE","N","007*","-","OC","",""
"0150","09","SUFRAMA","Número de inscrição do participante na SUFRAMA.","C","009*","-","OC","",""
"0150","10","END","Logradouro e endereço do imóvel","C","060","-","O","",""
"0150","11","NUM","Número do imóvel","C","010","-","OC","",""
"0150","12","COMPL","Dados complementares do endereço","C","060","-","OC","",""
"0150","13","BAIRRO","Bairro em que o imóvel está situado","C","060","-","OC","",""
"0175","01","REG","Texto fixo contendo “0175”","C","004","-","O","",""
"0175","02","DT_ALT","Data de alteração do cadastro","N","008*","-","O","",""
"0175","03","NR_CAMPO","Número do campo alterado (campos 03 a 13, exceto 07)","C","002","-","O","",""
"0175","04","CONT_ANT","Conteúdo anterior do campo","C","100","-","O","",""
"0190","01","REG","Texto fixo contendo ""0190""","C","004","-","O","",""
"0190","02","UNID","Código da unidade de medida","C","006","-","O","",""
"0190","03","DESCR","Descrição da unidade de medida","C","-","-","O","",""
"0200","01","REG","Texto fixo contendo ""0200""","C","004","-","O","",""
"0200","02","COD_ITEM","Código do item","C","060","-","O","",""
"0200","03","DESCR_ITEM","Descrição do item","C","-","-","O","",""
"0200","04","COD_BARRA","Representação alfanumérico do código de barra do produto, se houver","C","-","-","OC","",""
"0200","05","COD_ANT_ITEM","Código anterior do item com relação à última informação apresentada.","C","060","-","N","",""
"0200","06","UNID_INV","Unidade de medida utilizada na quantificação de estoques.","C","006","-","O","",""
"0200","07","TIPO_ITEM","Tipo do item – Atividades Industriais, Comerciais e Serviços: 00 – Mercadoria para Revenda; 01 – Matéria-prima; 02 – Embalagem; 03 – Produto em Processo; 04 – Produto Acabado; 05 – Subproduto; 06 – Produto Intermediário; 07 – Material de Uso e Consumo; 08 – Ativo Imobilizado; 09 – Serviços; 10 – Outros insumos; 99 – Outras","N","002*","-","O","",""
"0200","08","COD_NCM","Código da Nomenclatura Comum do Mercosul","C","008*","-","OC","",""
"0200","09","EX_IPI","Código EX, conforme a TIPI","C","003","-","OC","",""
"0200","10","COD_GEN","Código do gênero do item, conforme a Tabela 4.2.1","N","002*","-","OC","",""
"0200","11","COD_LST","Código do serviço conforme lista do Anexo I da Lei Complementar Federal nº 116/03.","C","005","","OC","",""
"0200","12","ALIQ_ICMS","Alíquota de ICMS aplicável ao item nas operações internas","N","006","02","OC","",""
"0200","13","CEST","Código Especificador da Substituição Tributária","N","007*","-","OC","",""
"0205","01","REG","Texto fixo contendo ""0205""","C","004","-","O","",""
"0205","02","DESCR_ANT_ITEM","Descrição anterior do item","C","-","-","OC","",""
"0205","03","DT_INI","Data inicial de utilização da descrição do item","N","008*","-","O","",""
"0205","04","DT_FIM","Data final de utilização da descrição do item","N","008*","-","O","",""
"0205","05","COD_ANT_ITEM","Código anterior do item com relação à última informação apresentada.","C","060","-","OC","",""
"0206","01","REG","Texto fixo contendo ""0206""","C","004","-","O","",""
"0206","02","COD_COMB","Código do produto, conforme tabela publicada pela ANP","C","-","-","O","",""
"0210","01","REG","Texto fixo contendo ""0210""","C","4","-","O","",""
"0210","02","COD_ITEM_COMP","Código do item componente/insumo (campo 02 do Registro 0200)","C","60","-","O","",""
"0210","03","QTD_COMP","Quantidade do item componente/insumo para se produzir uma unidade do item composto/resultante","N","-","6","O","",""
"0210","04","PERDA","Perda/quebra normal percentual do insumo/componente para se produzir uma unidade do item composto/resultante","N","-","4","O","",""
"0220","01","REG","Texto fixo contendo ""0220""","C","004","-","O","",""
"0220","02","UNID_CONV","Unidade comercial a ser convertida na unidade de estoque, referida no registro 0200. Ou unidade do 0200 utilizada na EFD anterior.","C","006","-","O","",""
"0220","03","FAT_CONV","Fator de conversão: fator utilizado para converter (multiplicar) a unidade a ser convertida na unidade adotada no inventário.","N","-","6","O","",""
"0220","04","COD_BARRA","Representação alfanumérica do código de barra da unidade comercial do produto, se houver","C","-","-","OC","",""
"0221","01","REG","Texto fixo contendo ""0221""","C","004","-","O","",""
"0221","02","COD_ITEM_ ATOMICO","Informar o código do item atômico contido no item informado no 0200 Pai.","C","060","-","O","",""
"0221","03","QTD_CONTI DA","Informar quantos itens atômicos estão contidos no item informado no 0200 Pai.","N","-","6","O","",""
"0300","01","REG","Texto fixo contendo ""0300""","C","004*","-","O","",""
"0300","02","COD_IND_BEM","Código individualizado do bem ou componente adotado no controle patrimonial do estabelecimento informante","C","060","-","O","",""
"0300","03","IDENT_MERC","Identificação do tipo de mercadoria: 1 = bem; 2 = componente.","C","001*","-","O","",""
"0300","04","DESCR_ITEM","Descrição do bem ou componente (modelo, marca e outras características necessárias a sua individualização)","C","-","-","O","",""
"0300","05","COD_PRNC","Código de cadastro do bem principal nos casos em que o bem ou componente (campo 02) esteja vinculado a um bem principal.","C","060","-","OC","",""
"0300","06","COD_CTA","Código da conta analítica de contabilização do bem ou componente (campo 06 do Registro 0500)","C","060","-","O","",""
"0300","07","NR_PARC","Número total de parcelas a serem apropriadas, segundo a legislação de cada unidade federada","N","003","-","OC","",""
"0305","01","REG","Texto fixo contendo ""0305""","C","004*","-","O","",""
"0305","02","COD_CCUS","Código do centro de custo onde o bem está sendo ou será utilizado (campo 03 do Registro 0600)","C","060","-","O","",""
"0305","03","FUNC","Descrição sucinta da função do bem na atividade do estabelecimento","C","-","-","O","",""
"0305","04","VIDA_UTIL","Vida útil estimada do bem, em número de meses","N","003","-","OC","",""
"0400","01","REG","Texto fixo contendo ""0400""","C","004","-","O","",""
"0400","02","COD_NAT","Código da natureza da operação/prestação","C","010","-","O","",""
"0400","03","DESCR_NAT","Descrição da natureza da operação/prestação","C","-","-","O","",""
"0450","01","REG","Texto fixo contendo ""0450""","C","004","-","O","",""
"0450","02","COD_INF","Código da informação complementar do documento fiscal.","C","006","-","O","",""
"0450","03","TXT","Texto livre da informação complementar existente no documento fiscal, inclusive espécie de normas legais, poder normativo, número, capitulação, data e demais referências pertinentes com indicações referentes ao tributo.","C","-","-","O","",""
"0460","01","REG","Texto fixo contendo ""0460""","C","004","-","O","",""
"0460","02","COD_OBS","Código da Observação do lançamento fiscal.","C","006","-","O","",""
"0460","03","TXT","Descrição da observação vinculada ao lançamento fiscal","C","-","-","O","",""
"0500","01","REG","Texto fixo contendo “0500”","C","004*","-","O","",""
"0500","02","DT_ALT","Data da inclusão/alteração","N","008*","-","O","",""
"0500","03","COD_ NAT_CC","Código da natureza da conta/grupo de contas: 01 - Contas de ativo; 02 - Contas de passivo; 03 - Patrimônio líquido; 04 - Contas de resultado; 05 - Contas de compensação; 09 - Outras.","C","002*","-","O","",""
"0500","04","IND_CTA","Indicador do tipo de conta: S - Sintética (grupo de contas); A - Analítica (conta).","C","001*","-","O","",""
"0500","05","NÍVEL","Nível da conta analítica/grupo de contas.","N","005","-","O","",""
"0500","06","COD_CTA","Código da conta analítica/grupo de contas.","C","60","-","O","",""
"0500","07","NOME_CTA","Nome da conta analítica/grupo de contas.","C","60","-","O","",""
"0600","01","REG","Texto fixo contendo “0600”.","C","004*","-","O","",""
"0600","02","DT_ALT","Data da inclusão/alteração.","N","008*","-","O","",""
"0600","03","COD_CCUS","Código do centro de custos.","C","060","-","O","",""
"0600","04","CCUS","Nome do centro de custos.","C","060","-","O","",""
"0990","01","REG","Texto fixo contendo ""0990""","C","004","-","O","",""
"0990","02","QTD_LIN_0","Quantidade total de linhas do Bloco 0","N","-","-","O","",""
"B001","01","REG","Texto fixo contendo ""B001""","C","004*","-","O","",""
"B001","02","IND_DAD","Indicador de movimento: 0 - Bloco com dados informados 1 - Bloco sem dados informados","C","001*","-","O","",""
"B020","01","REG","Texto fixo contendo ""B020""","C","004*","-","","O","O"
"B020","02","IND_OPER","Indicador do tipo de operação: 0 - Aquisição; 1 - Prestação","C","001*","-","","O","O"
"B020","03","IND_EMIT","Indicador do emitente do documento fiscal: 0 - Emissão própria; 1 - Terceiros","C","001*","-","","O","O"
"B020","04","COD_PART","Código do participante (campo 02 do Registro 0150): - do prestador, no caso de declarante na condição de tomador; - do tomador, no caso de declarante na condição de prestador","C","060","-","","O","OC"
"B020","05","COD_MOD","Código do modelo do documento fiscal, conforme a Tabela 4.1.3","C","002*","-","","O","O"
"B020","06","COD_SIT","Código da situação do documento conforme tabela 4.1.2","N","002*","-","","O","O"
"B020","07","SER","Série do documento fiscal","C","003","-","","OC","OC"
"B020","08","NUM_DOC","Número do documento fiscal","N","009","-","","O","O"
"B020","09","CHV_NFE","Chave da Nota Fiscal Eletrônica","C","044*","-","","OC","OC"
"B020","10","DT_DOC","Data da emissão do documento fiscal","N","008*","-","","-","O"
"B020","11","COD_MUN_SE RV","Código do município onde o serviço foi prestado, conforme a tabela IBGE.","C","007*","-","","O","O"
"B020","12","VL_CONT","Valor contábil (valor total do documento)","N","-","02","","O","O"
"B020","13","VL_MAT_TER C","Valor do material fornecido por terceiros na prestação do serviço","N","-","02","","O","O"
"B020","14","VL_SUB","Valor da subempreitada","N","-","02","","O","O"
"B020","15","VL_ISNT_ISS","Valor das operações isentas ou não- tributadas pelo ISS","N","-","02","","O","O"
"B020","16","VL_DED_BC","Valor da dedução da base de cálculo","N","-","02","","O","O"
"B020","17","VL_BC_ISS","Valor da base de cálculo do ISS","N","-","02","","O","O"
"B020","18","VL_BC_ISS_RT","Valor da base de cálculo de retenção do ISS","N","-","02","","O","O"
"B020","19","VL_ISS_RT","Valor do ISS retido pelo tomador","N","-","02","","O","O"
"B020","20","VL_ ISS","Valor do ISS destacado","N","-","02","","O","O"
"B020","21","COD_INF_OBS","Código da observação do lançamento fiscal (campo 02 do Registro 0460)","C","060","-","","OC","OC"
"B025","01","REG","Texto fixo contendo “B025”","C","004*","-","","O","O"
"B025","02","VL_CONT_P","Parcela correspondente ao “Valor Contábil” referente à combinação da alíquota e item da lista","N","-","02","","O","O"
"B025","03","VL_BC_ISS_P","Parcela correspondente ao “Valor da base de cálculo do ISS” referente à combinação da alíquota e item da lista","N","-","02","","O","O"
"B025","04","ALIQ_ISS","Alíquota do ISS","N","-","02","","O","O"
"B025","05","VL_ISS_P","Parcela correspondente ao “Valor do ISS” referente à combinação da alíquota e item da lista","N","-","02","","O","O"
"B025","06","VL_ISNT_ISS_P","Parcela correspondente ao “Valor das operações isentas ou não- tributadas pelo ISS” referente à combinação da alíquota e item da lista","N","-","02","","O","O"
"B025","07","COD_SERV","Item da lista de serviços, conforme Tabela 4.6.3","C","004*","-","","O","O"
"B030","01","REG","Texto fixo contendo “B030”","C","004*","-","","Não informar","O"
"B030","02","COD_MOD","Código do modelo do documento fiscal, conforme a Tabela 4.1.3","C","002*","-","","","O"
"B030","03","SER","Série do documento fiscal","C","003","-","","","OC"
"B030","04","NUM_DOC_INI","Número do primeiro documento fiscal emitido no dia","N","009","-","","","O"
"B030","05","NUM_DOC_FIN","Número do último documento fiscal emitido no dia","N","009","-","","","O"
"B030","06","DT_DOC","Data da emissão dos documentos fiscais","N","008*","-","","","O"
"B030","07","QTD_CANC","Quantidade de documentos cancelados","N","-","-","","","O"
"B030","08","VL_CONT","Valor contábil (valor total acumulado dos documentos)","N","-","02","","","O"
"B030","09","VL_ISNT_ISS","Valor acumulado das operações isentas ou não-tributadas pelo ISS","N","-","02","","","O"
"B030","10","VL_BC_ISS","Valor acumulado da base de cálculo do ISS","N","-","02","","","O"
"B030","11","VL_ ISS","Valor acumulado do ISS destacado","N","-","02","","","O"
"B030","12","COD_INF_OBS","Código da observação do lançamento fiscal (campo 02 do Registro 0460)","C","060","-","","","OC"
"B035","01","REG","Texto fixo contendo “B035”","C","004*","-","","Não informar","O"
"B035","02","VL_CONT_P","Parcela correspondente ao “Valor Contábil” referente à combinação da alíquota e item da lista","N","-","02","","Não informar","O"
"B035","03","VL_BC_ISS_P","Parcela correspondente ao “Valor da base de cálculo do ISS” referente à combinação da alíquota e item da lista","N","-","02","","Não informar","O"
"B035","04","ALIQ_ISS","Alíquota do ISS","N","-","02","","Não informar","O"
"B035","05","VL_ISS_P","Parcela correspondente ao “Valor do ISS” referente à combinação da alíquota e item da lista","N","-","02","","Não informar","O"
"B035","06","VL_ISNT_ISS_P","Parcela correspondente ao “Valor das operações isentas ou não-tributadas pelo ISS” referente à combinação da alíquota e item da lista","N","-","02","","Não informar","O"
"B035","07","COD_SERV","Item da lista de serviços, conforme Tabela 4.6.3.","C","004*","-","","Não informar","O"
"B350","01","REG","Texto fixo contendo “B350”","C","004 *","-","","Não informar","O"
"B350","02","COD_CTD","Código da conta do plano de contas","C","-","-","","","O"
"B350","03","CTA_ISS","Descrição da conta no plano de contas","C","-","-","","","O"
"B350","04","CTA_COSIF","Código COSIF a que está subordinada a conta do ISS das instituições financeiras","N","008 *","-","","","O"
"B350","05","QTD_OCOR","Quantidade de ocorrências na conta","N","-","-","","","O"
"B350","06","COD_SERV","Item da lista de serviços, conforme Tabela 4.6.3.","N","004 *","-","","","O"
"B350","07","VL_CONT","Valor contábil","N","-","02","","","O"
"B350","08","VL_BC_ISS","Valor da base de cálculo do ISS","N","-","02","","","O"
"B350","09","ALIQ_ISS","Alíquota do ISS","N","-","02","","","O"
"B350","10","VL_ISS","Valor do ISS","N","-","02","","","O"
"B350","11","COD_INF_OBS","Código da observação do lançamento fiscal (campo 02 do Registro 0460)","C","060","-","","","OC"
"B420","01","REG","Texto fixo contendo “B420”","C","004*","-","","Não Informar","O"
"B420","02","VL_CONT","Totalização do Valor Contábil das prestações do declarante referente à combinação da alíquota e item da lista","N","-","02","","","O"
"B420","03","VL_BC_ISS","Totalização do Valor da base de cálculo do ISS das prestações do declarante referente à combinação da alíquota e item da lista","N","-","02","","","O"
"B420","04","ALIQ_ISS","Alíquota do ISS","N","-","02","","","O"
"B420","05","VL_ISNT_ISS","Totalização do valor das operações isentas ou não-tributadas pelo ISS referente à combinação da alíquota e item da lista","N","-","02","","","O"
"B420","06","VL_ISS","Totalização, por combinação da alíquota e item da lista, do Valor do ISS","N","-","02","","","O"
"B420","07","COD_SERV","Item da lista de serviços, conforme Tabela 4.6.3.","C","-","-","","","O"
"B440","01","REG","Texto fixo contendo “B440”","C","004 *","-","","O","O"
"B440","02","IND_OPER","Indicador do tipo de operação: 0 - Aquisição; 1 - Prestação","N","-","02","","O","O"
"B440","03","COD_PART","Código do participante (campo 02 do Registro 0150): - do prestador, no caso de aquisição de serviço pelo declarante; - do tomador, no caso de prestação de serviço pelo declarante","C","-","-","","O","O"
"B440","04","VL_CONT_RT","Totalização do Valor Contábil das prestações e/ou aquisições do declarante pela combinação de tipo de operação e participante.","N","-","02","","O","O"
"B440","05","VL_BC_ISS_R T","Totalização do Valor da base de cálculo de retenção do ISS das prestações e/ou aquisições do declarante pela combinação de tipo de operação e participante.","N","-","02","","O","O"
"B440","06","VL_ISS_RT","Totalização do Valor do ISS retido pelo tomador das prestações e/ou aquisições do declarante pela combinação de tipo de operação e participante.","N","-","02","","O","O"
"B460","01","REG","Texto fixo contendo ""B460""","C","004*","-","","O","O"
"B460","02","IND_DED","Indicador do tipo de dedução: 0 - Compensação do ISS calculado a maior; 1 - Benefício fiscal por incentivo à cultura; 2 - Decisão administrativa ou judicial; 9 - Outros","C","001*","-","","O","O"
"B460","03","VL_DED","Valor da dedução","N","-","02","","O","O"
"B460","04","NUM_PROC","Número do processo ao qual o ajuste está vinculado, se houver","C","-","-","","OC","OC"
"B460","05","IND_PROC","Indicador da origem do processo: 0 - Sefin; 1 - Justiça Federal; 2 - Justiça Estadual; 9 - Outros","C","001*","-","","OC","OC"
"B460","06","PROC","Descrição do processo que embasou o lançamento","C","-","-","","OC","OC"
"B460","07","COD_INF_OBS","Código da observação do lançamento fiscal (campo 02 do Registro 0460)","C","060","-","","O","O"
"B460","08","IND_OBR","Indicador da obrigação onde será aplicada a dedução: 0 - ISS Próprio; - ISS Substituto (devido pelas aquisições de serviços do declarante). - ISS Uniprofissionais.","C","001*","-","","O","O"
"B470","01","REG","Texto fixo contendo “B470”","C","004*","-","O","",""
"B470","02","VL_CONT","A - Valor total referente às prestações de serviço do período","N","-","02","O","",""
"B470","03","VL_MAT_TERC","B - Valor total do material fornecido por terceiros na prestação do serviço","N","-","02","O","",""
"B470","04","VL_MAT_PROP","C - Valor do material próprio utilizado na prestação do serviço","N","-","02","O","",""
"B470","05","VL_SUB","D - Valor total das subempreitadas","N","-","02","O","",""
"B470","06","VL_ISNT","E - Valor total das operações isentas ou não-tributadas pelo ISS","N","-","02","O","",""
"B470","07","VL_DED_BC","F - Valor total das deduções da base de cálculo (B + C + D + E)","N","-","02","O","",""
"B470","08","VL_BC_ISS","G - Valor total da base de cálculo do ISS","N","-","02","O","",""
"B470","09","VL_BC_ISS_RT","H - Valor total da base de cálculo de retenção do ISS referente às prestações do declarante.","N","-","02","O","",""
"B470","10","VL_ ISS","I - Valor total do ISS destacado","N","-","02","O","",""
"B470","11","VL_ISS_RT","J - Valor total do ISS retido pelo tomador nas prestações do declarante","N","-","02","O","",""
"B470","12","VL_DED","K - Valor total das deduções do ISS próprio","N","-","02","O","",""
"B470","13","VL_ ISS_REC","L - Valor total apurado do ISS próprio a recolher (I - J - K)","N","-","02","O","",""
"B470","14","VL_ ISS_ST","M - Valor total do ISS substituto a recolher pelas aquisições do declarante (tomador)","N","-","02","O","",""
"B470","15","VL_ISS_REC_UNI","N - Valor do ISS próprio a recolher pela Sociedade Uniprofissional","N","-","02","O","",""
"B500","01","REG","Texto fixo contendo “B500”","C","004*","-","O","",""
"B500","02","VL_REC","Valor mensal das receitas auferidas pela sociedade uniprofissional","N","-","02","O","",""
"B500","03","QTD_PROF","Quantidade de profissionais habilitados","N","-","-","O","",""
"B500","04","VL_OR","Valor do ISS devido","N","-","02","O","",""
"B510","01","REG","Texto fixo contendo “B510”","C","004*","-","O","",""
"B510","02","IND_PROF","Indicador de habilitação: 0- Profissional habilitado 1- Profissional não habilitado","C","001*","-","O","",""
"B510","03","IND_ESC","Indicador de escolaridade: 0- Nível superior 1- Nível médio","C","001*","-","O","",""
"B510","04","IND_SOC","Indicador de participação societária: 0 - Sócio 1 - Não sócio","C","001*","-","O","",""
"B510","05","CPF","Número de inscrição do profissional no CPF.","N","011*","-","O","",""
"B510","06","NOME","Nome do profissional","C","100","-","O","",""
"B990","01","REG","Texto fixo contendo ""B990""","C","004*","-","O","O","O"
"B990","02","QTD_LIN_B","Quantidade total de linhas do Bloco B","N","-","-","O","O","O"
"C001","01","REG","Texto fixo contendo ""C001""","C","004","-","O","",""
"C001","02","IND_MOV","Indicador de movimento: 0- Bloco com dados informados; 1- Bloco sem dados informados","C","001","-","O","",""
"C100","01","REG","Texto fixo contendo ""C100""","C","004","-","","O","O"
"C100","02","IND_OPER","Indicador do tipo de operação: 0 - Entrada; 1 - Saída","C","001*","-","","O","O"
"C100","03","IND_EMIT","Indicador do emitente do documento fiscal: 0 - Emissão própria; 1 - Terceiros","C","001*","-","","O","O"
"C100","04","COD_PART","Código do participante (campo 02 do Registro 0150): - do emitente do documento ou do remetente das mercadorias, no caso de entradas; - do adquirente, no caso de saídas","C","060","-","","O","O"
"C100","05","COD_MOD","Código do modelo do documento fiscal, conforme a Tabela 4.1.1","C","002*","-","","O","O"
"C100","06","COD_SIT","Código da situação do documento fiscal, conforme a Tabela 4.1.2","N","002*","-","","O","O"
"C100","07","SER","Série do documento fiscal","C","003","-","","OC","OC"
"C100","08","NUM_DOC","Número do documento fiscal","N","009","-","","O","O"
"C100","09","CHV_NFE","Chave da Nota Fiscal Eletrônica","C","044*","-","","OC","OC"
"C100","10","DT_DOC","Data da emissão do documento fiscal","N","008*","-","","O","O"
"C100","11","DT_E_S","Data da entrada ou da saída","N","008*","-","","O","OC"
"C100","12","VL_DOC","Valor total do documento fiscal","N","-","02","","O","O"
"C100","13","IND_PGTO","Indicador do tipo de pagamento: 0 - À vista; 1 - A prazo; 9 - Sem pagamento.","C","001*","-","","O","O"
"C100","14","VL_DESC","Valor total do desconto","N","-","02","","OC","OC"
"C100","15","VL_ABAT_NT","Abatimento não tributado e não comercial Por exemplo: desconto ICMS nas remessas para ZFM.","N","-","02","","OC","OC"
"C100","16","VL_MERC","Valor total das mercadorias e serviços","N","-","02","","O","OC"
"C100","17","IND_FRT","Indicador do tipo do frete: 0- Frete por conta do remetente (CIF); 1- Frete por conta do destinatário (FOB); 2- Frete por conta de terceiros; 3- Transporte próprio por conta do remetente; 4- Transporte próprio por conta do destinatário; 9- Sem cobrança de frete.","C","001*","-","O","O","O"
"C100","18","VL_FRT","Valor do frete indicado no documento fiscal","N","-","02","","OC","OC"
"C100","19","VL_SEG","Valor do seguro indicado no documento fiscal","N","-","02","","OC","OC"
"C100","20","VL_OUT_DA","Valor de outras despesas acessórias","N","-","02","","OC","OC"
"C100","21","VL_BC_ICMS","Valor da base de cálculo do ICMS","N","-","02","","OC","OC"
"C100","22","VL_ICMS","Valor do ICMS","N","-","02","","OC","OC"
"C100","23","VL_BC_ICMS_ST","Valor da base de cálculo do ICMS substituição tributária","N","-","02","","OC","OC"
"C100","24","VL_ICMS_ST","Valor do ICMS retido por substituição tributária","N","-","02","","OC","OC"
"C100","25","VL_IPI","Valor total do IPI","N","-","02","","OC","OC"
"C100","26","VL_PIS","Valor total do PIS","N","-","02","","OC","OC"
"C100","27","VL_COFINS","Valor total da COFINS","N","-","02","","OC","OC"
"C100","28","VL_PIS_ST","Valor total do PIS retido por substituição tributária","N","-","02","","OC","OC"
"C100","29","VL_COFINS_ST","Valor total da COFINS retido por substituição tributária","N","-","02","","OC","OC"
"C101","01","REG","Texto fixo contendo “C101”","C","004","-","","O","O"
"C101","02","VL_FCP_UF_DEST","Valor total relativo ao Fundo de Combate à Pobreza (FCP) da UF de destino","N","-","02","","O","O"
"C101","03","VL_ICMS_UF_DEST","Valor total do ICMS Interestadual para a UF de destino","N","-","02","","O","O"
"C101","04","VL_ICMS_UF_REM","Valor total do ICMS Interestadual para a UF do remetente","N","-","02","","O","O"
"C105","01","REG","Texto fixo contendo “C105”","C","004","-","","O","O"
"C105","02","OPER","Indicador do tipo de operação: 0 - Combustíveis e Lubrificantes; 1 - Leasing de veículos ou faturamento direto. 2 - Recusa de recebimento (de acordo com as condições descritas nas instruções do Registro)","N","001*","-","","O","O"
"C105","03","UF","Sigla da UF de destino do ICMS_ST","C","002*","-","","O","O"
"C110","01","REG","Texto fixo contendo ""C110""","C","004","-","","O","O"
"C110","02","COD_INF","Código da informação complementar do documento fiscal (campo 02 do Registro 0450)","C","006","-","","O","O"
"C110","03","TXT_COMPL","Descrição complementar do código de referência.","C","-","-","","OC","OC"
"C111","01","REG","Texto fixo contendo ""C111""","C","004","-","","O","O"
"C111","02","NUM_PROC","Identificação do processo ou ato concessório.","C","060","-","","O","O"
"C111","03","IND_PROC","Indicador da origem do processo: 0 - SEFAZ; 1 - Justiça Federal; 2 - Justiça Estadual; 3 - SECEX/SRF 9 - Outros.","C","001*","-","","O","O"
"C112","01","REG","Texto fixo contendo ""C112""","C","004","-","","O","O"
"C112","02","COD_DA","Código do modelo do documento de arrecadação: 0 – Documento estadual de arrecadação 1 – GNRE","C","001*","-","","O","O"
"C112","03","UF","Unidade federada beneficiária do recolhimento","C","002*","-","","O","O"
"C112","04","NUM_DA","Número do documento de arrecadação","C","-","-","","OC","OC"
"C112","05","COD_AUT","Código completo da autenticação bancária","C","-","-","","OC","OC"
"C112","06","VL_DA","Valor do total do documento de arrecadação (principal, atualização monetária, juros e multa)","N","-","02","","O","O"
"C112","07","DT_VCTO","Data de vencimento do documento de arrecadação","N","008*","-","","O","O"
"C112","08","DT_PGTO","Data de pagamento do documento de arrecadação, ou data do vencimento, no caso de ICMS antecipado a recolher.","N","008*","-","","O","O"
"C113","01","REG","Texto fixo contendo ""C113""","C","004","-","","O","O"
"C113","02","IND_OPER","Indicador do tipo de operação: 0- Entrada/aquisição; 1- Saída/prestação","C","001*","-","","O","O"
"C113","03","IND_EMIT","Indicador do emitente do título: 0- Emissão própria; 1- Terceiros","C","001*","-","","O","O"
"C113","04","COD_PART","Código do participante emitente (campo 02 do Registro 0150) do documento referenciado.","C","060","-","","O","O"
"C113","05","COD_MOD","Código do documento fiscal, conforme a Tabela 4.1.1","C","002*","-","","O","O"
"C113","06","SER","Série do documento fiscal","C","004","-","","OC","OC"
"C113","07","SUB","Subsérie do documento fiscal","N","003","-","","OC","OC"
"C113","08","NUM_DOC","Número do documento fiscal","N","009","-","","O","O"
"C113","09","DT_DOC","Data da emissão do documento fiscal.","N","008*","-","","O","O"
"C113","10","CHV_DOCe","Chave do Documento Eletrônico","C","044*","-","","OC","OC"
"C114","01","REG","Texto fixo contendo ""C114""","C","004","-","","O","O"
"C114","02","COD_MOD","Código do modelo do documento fiscal, conforme a tabela indicada no item 4.1.1","C","002*","-","","O","O"
"C114","03","ECF_FAB","Número de série de fabricação do ECF","C","021","-","","O","O"
"C114","04","ECF_CX","Número do caixa atribuído ao ECF","N","003","-","","O","O"
"C114","05","NUM_DOC","Número do documento fiscal","N","009","","","O","O"
"C114","06","DT_DOC","Data da emissão do documento fiscal","N","008*","-","","O","O"
"C115","01","REG","Texto fixo contendo ""C115""","C","004","-","","Não Apresentar","O"
"C115","02","IND_CARGA","Indicador do tipo de transporte: 0 – Rodoviário; 1 – Ferroviário; 2 – Rodo-Ferroviário; 3 – Aquaviário; 4 – Dutoviário; 5 – Aéreo; 9 – Outros.","N","001*","-","","","O"
"C115","03","CNPJ_COL","Número do CNPJ do contribuinte do local de coleta","C","014*","-","","","OC"
"C115","04","IE_COL","Inscrição Estadual do contribuinte do local de coleta","C","014","-","","","OC"
"C115","05","CPF_COL","CPF do contribuinte do local de coleta das mercadorias","N","011*","-","","","OC"
"C115","06","COD_MUN_COL","Código do Município do local de coleta","N","007*","-","","","OC"
"C115","07","CNPJ_ENTG","Número do CNPJ do contribuinte do local de entrega","C","014*","-","","","OC"
"C115","08","IE_ENTG","Inscrição Estadual do contribuinte do local de entrega","C","014","-","","","OC"
"C115","09","CPF_ENTG","CPF do contribuinte do local de entrega","N","011*","-","","","OC"
"C115","10","COD_MUN_ENT G","Código do Município do local de entrega","N","007*","-","","","OC"
"C116","01","REG","Texto fixo contendo ""C116""","C","004","-","","O","O"
"C116","02","COD_MOD","Código do modelo do documento fiscal, conforme a Tabela 4.1.1","C","002","-","","O","O"
"C116","03","NR_SAT","Número de Série do equipamento SAT","N","009","-","","O","O"
"C116","04","CHV_CFE","Chave do Cupom Fiscal Eletrônico","C","044","-","","O","O"
"C116","05","NUM_CFE","Número do cupom fiscal eletrônico","N","006","-","","O","O"
"C116","06","DT_DOC","Data da emissão do documento fiscal","N","008","-","","O","O"
"C120","01","REG","Texto fixo contendo ""C120""","C","004","-","","O","Não apresentar"
"C120","02","COD_DOC_IMP","Documento de importação: 0 – Declaração de Importação; 1 – Declaração Simplificada de Importação. 2 – Declaração Única de Importação (DUIMP)","C","001*","-","","O",""
"C120","03","NUM_DOC_IMP","Número do documento de Importação.","C","015","-","","O",""
"C120","04","PIS_IMP","Valor pago de PIS na importação","N","-","02","","OC",""
"C120","05","COFINS IMP","Valor pago de COFINS na importação","N","","02","","OC",""
"C120","06","NUM_ACDRAW","Número do Ato Concessório do regime Drawback","C","020","-","","OC",""
"C130","01","REG","Texto fixo contendo ""C130""","C","004","-","","Não apresentar","O"
"C130","02","VL_SERV_NT","Valor dos serviços sob não-incidência ou não-tributados pelo ICMS","N","-","02","","","O"
"C130","03","VL_BC_ISSQN","Valor da base de cálculo do ISSQN","N","-","02","","","O"
"C130","04","VL_ISSQN","Valor do ISSQN","N","-","02","","","OC"
"C130","05","VL_BC_IRRF","Valor da base de cálculo do Imposto de Renda Retido na Fonte","N","-","02","","","OC"
"C130","06","VL_ IRRF","Valor do Imposto de Renda - Retido na Fonte","N","-","02","","","OC"
"C130","07","VL_BC_PREV","Valor da base de cálculo de retenção da Previdência Social","N","-","02","","","OC"
"C130","08","VL_ PREV","Valor destacado para retenção da Previdência Social","N","-","02","","","OC"
"C140","01","REG","Texto fixo contendo ""C140""","C","004","-","","O","O"
"C140","02","IND_EMIT","Indicador do emitente do título: 0 - Emissão própria; 1 - Terceiros","C","001*","-","","O","O"
"C140","03","IND_TIT","Indicador do tipo de título de crédito: 00 - Duplicata; 01 - Cheque; 02 - Promissória; 03 - Recibo; 99 - Outros (descrever)","C","002*","-","","O","O"
"C140","04","DESC_TIT","Descrição complementar do título de crédito","C","-","-","","OC","OC"
"C140","05","NUM_TIT","Número ou código identificador do título de crédito","C","-","-","","O","O"
"C140","06","QTD_PARC","Quantidade de parcelas a receber/pagar","N","002","-","","O","O"
"C140","07","VL_TIT","Valor total dos títulos de créditos","N","-","02","","O","O"
"C141","01","REG","Texto fixo contendo ""C141""","C","004","-","","O","O"
"C141","02","NUM_PARC","Número da parcela a receber/pagar","N","002","-","","O","O"
"C141","03","DT_VCTO","Data de vencimento da parcela","N","008*","-","","O","O"
"C141","04","VL_PARC","Valor da parcela a receber/pagar","N","-","02","","O","O"
"C160","01","REG","Texto fixo contendo ""C160""","C","004","-","","Não apresentar","O"
"C160","02","COD_PART","Código do participante (campo 02 do Registro 0150): - transportador, se houver","C","060","-","","","OC"
"C160","03","VEIC_ID","Placa de identificação do veículo automotor","C","007","-","","","OC"
"C160","04","QTD_VOL","Quantidade de volumes transportados","N","-","-","","","O"
"C160","05","PESO_BRT","Peso bruto dos volumes transportados (em kg)","N","-","02","","","O"
"C160","06","PESO_LIQ","Peso líquido dos volumes transportados (em kg)","N","-","02","","","O"
"C160","07","UF_ID","Sigla da UF da placa do veículo","C","002","-","","","OC"
"C165","01","REG","Texto fixo contendo ""C165”","C","004","-","","Não apresentar","O"
"C165","02","COD_PART","Código do participante (campo 02 do Registro 0150): - transportador, se houver","C","060","-","","","OC"
"C165","03","VEIC_ID","Placa de identificação do veículo","C","007","-","","","O"
"C165","04","COD_AUT","Código da autorização fornecido pela SEFAZ (combustíveis)","C","-","-","","","OC"
"C165","05","NR_PASSE","Número do Passe Fiscal","C","-","-","","","OC"
"C165","06","HORA","Hora da saída das mercadorias","N","006*","-","","","O"
"C165","07","TEMPER","Temperatura em graus Celsius utilizada para quantificação do volume de combustível","N","-","01","","","OC"
"C165","08","QTD_VOL","Quantidade de volumes transportados","N","-","-","","","O"
"C165","09","PESO_BRT","Peso bruto dos volumes transportados (em kg)","N","-","02","","","O"
"C165","10","PESO_LIQ","Peso líquido dos volumes transportados (em kg)","N","-","02","","","O"
"C165","11","NOM_MOT","Nome do motorista","C","060","-","","","OC"
"C165","12","CPF","CPF do motorista","N","011*","-","","","OC"
"C165","13","UF_ID","Sigla da UF da placa do veículo","C","002","-","","","OC"
"C170","01","REG","Texto fixo contendo ""C170""","C","004","-","","O","O"
"C170","02","NUM_ITEM","Número sequencial do item no documento fiscal","N","003","-","","O","O"
"C170","03","COD_ITEM","Código do item (campo 02 do Registro 0200)","C","060","-","","O","O"
"C170","04","DESCR_COMPL","Descrição complementar do item como adotado no documento fiscal","C","-","-","","OC","OC"
"C170","05","QTD","Quantidade do item","N","-","05","","O","O"
"C170","06","UNID","Unidade do item (Campo 02 do registro 0190)","C","006","-","","O","O"
"C170","07","VL_ITEM","Valor total do item (mercadorias ou serviços)","N","-","02","","O","O"
"C170","08","VL_DESC","Valor do desconto comercial","N","-","02","","OC","OC"
"C170","09","IND_MOV","Movimentação física do ITEM/PRODUTO: 0. SIM 1. NÃO","C","001*","-","","O","O"
"C170","10","CST_ICMS","Código da Situação Tributária referente ao ICMS, conforme a Tabela indicada no item 4.3.1","N","003*","-","","O","O"
"C170","11","CFOP","Código Fiscal de Operação e Prestação","N","004*","-","","O","O"
"C170","12","COD_NAT","Código da natureza da operação (campo 02 do Registro 0400)","C","010","-","","OC","OC"
"C170","13","VL_BC_ICMS","Valor da base de cálculo do ICMS","N","-","02","","OC","OC"
"C170","14","ALIQ_ICMS","Alíquota do ICMS","N","006","02","","OC","OC"
"C170","15","VL_ICMS","Valor do ICMS creditado/debitado","N","-","02","","OC","OC"
"C170","16","VL_BC_ICMS_ST","Valor da base de cálculo referente à substituição tributária","N","-","02","","OC","OC"
"C170","17","ALIQ_ST","Alíquota do ICMS da substituição tributária na unidade da federação de destino","N","-","02","","OC","OC"
"C170","18","VL_ICMS_ST","Valor do ICMS referente à substituição tributária","N","-","02","","OC","OC"
"C170","19","IND_APUR","Indicador de período de apuração do IPI: 0 - Mensal; 1 - Decendial","C","001*","-","","OC","OC"
"C170","20","CST_IPI","Código da Situação Tributária referente ao IPI, conforme a Tabela indicada no item 4.3.2.","C","002*","-","","OC","OC"
"C170","21","COD_ENQ","Código de enquadramento legal do IPI, conforme tabela indicada no item 4.5.3.","C","003*","-","","OC","OC"
"C170","22","VL_BC_IPI","Valor da base de cálculo do IPI","N","-","02","","OC","OC"
"C170","23","ALIQ_IPI","Alíquota do IPI","N","006","02","","OC","OC"
"C170","24","VL_IPI","Valor do IPI creditado/debitado","N","-","02","","OC","OC"
"C170","25","CST_PIS","Código da Situação Tributária referente ao PIS.","N","002*","-","","OC","OC"
"C170","26","VL_BC_PIS","Valor da base de cálculo do PIS","N","-","02","","OC","OC"
"C170","27","ALIQ_PIS","Alíquota do PIS (em percentual)","N","008","04","","OC","OC"
"C170","28","QUANT_BC_PIS","Quantidade – Base de cálculo PIS","N","-","03","","OC","OC"
"C170","29","ALIQ_PIS_QUANT","Alíquota do PIS (em reais)","N","-","04","","OC","OC"
"C170","30","VL_PIS","Valor do PIS","N","-","02","","OC","OC"
"C170","31","CST_COFINS","Código da Situação Tributária referente ao COFINS.","N","002*","-","","OC","OC"
"C170","32","VL_BC_COFINS","Valor da base de cálculo da COFINS","N","-","02","","OC","OC"
"C170","33","ALIQ_COFINS","Alíquota do COFINS (em percentual)","N","008","04","","OC","OC"
"C170","34","QUANT_BC_COF INS","Quantidade – Base de cálculo COFINS","N","-","03","","OC","OC"
"C170","35","ALIQ_COFINS_QUANT","Alíquota da COFINS (em reais)","N","-","04","","OC","OC"
"C170","36","VL_COFINS","Valor da COFINS","N","-","02","","OC","OC"
"C170","37","COD_CTA","Código da conta analítica contábil debitada/creditada","C","-","-","","OC","OC"
"C170","38","VL_ABAT_NT","Valor do abatimento não tributado e não comercial","N","-","02","","OC","OC"
"C171","01","REG","Texto fixo contendo ""C171""","C","004","-","","O","não apresentar"
"C171","02","NUM_TANQUE","Tanque onde foi armazenado o combustível","C","003","-","","O",""
"C171","03","QTDE","Quantidade ou volume armazenado","N","-","03","","O",""
"C172","01","REG","Texto fixo contendo “C172”","C","004","-","","Não apresentar","O"
"C172","02","VL_BC_ISSQN","Valor da base de cálculo do ISSQN","N","-","02","","","O"
"C172","03","ALIQ_ISSQN","Alíquota do ISSQN","N","006","02","","","O"
"C172","04","VL_ISSQN","Valor do ISSQN","N","-","02","","","O"
"C173","01","REG","Texto fixo contendo ""C173""","C","004","-","","O","O"
"C173","02","LOTE_MED","Número do lote de fabricação do medicamento","C","-","-","","O","O"
"C173","03","QTD_ITEM","Quantidade de item por lote","N","-","003","","O","O"
"C173","04","DT_FAB","Data de fabricação do medicamento","N","008*","-","","O","O"
"C173","05","DT_VAL","Data de expiração da validade do medicamento","N","008*","-","","O","O"
"C173","06","IND_MED","Indicador de tipo de referência da base de cálculo do ICMS (ST) do produto farmacêutico: 0 - Base de cálculo referente ao preço tabelado ou preço máximo sugerido; 1 - Base cálculo – Margem de valor agregado; 2 - Base de cálculo referente à Lista Negativa; 3 - Base de cálculo referente à Lista Positiva; 4 - Base de cálculo referente à Lista Neutra","C","001*","-","","O","O"
"C173","07","TP_PROD","Tipo de produto: 0 - Similar; 1 - Genérico; 2 - Ético ou de marca;","C","1*","-","","O","O"
"C173","08","VL_TAB_MAX","Valor do preço tabelado ou valor do preço máximo","N","-","02","","O","O"
"C174","01","REG","Texto fixo contendo ""C174""","C","004","-","","Não apresentar","O"
"C174","02","IND_ARM","Indicador do tipo da arma de fogo: 0 - Uso permitido; 1 - Uso restrito","C","001*","-","","","O"
"C174","03","NUM_ARM","Numeração de série de fabricação da arma","C","-","-","","","O"
"C174","04","DESCR_COMPL","Descrição da arma, compreendendo: número do cano, calibre, marca, capacidade de cartuchos, tipo de funcionamento, quantidade de canos, comprimento, tipo de alma, quantidade e sentido","C","-","-","","","O"
"C175","01","REG","Texto fixo contendo ""C175""","C","004","-","","O","O"
"C175","02","IND_VEIC_OPER","Indicador do tipo de operação com veículo: 0 - Venda para concessionária; 1 - Faturamento direto; 2 - Venda direta; 3 - Venda da concessionária; 9 - Outros","C","001*","-","","O","O"
"C175","03","CNPJ","CNPJ da Concessionária","C","014*","-","","OC","OC"
"C175","04","UF","Sigla da unidade da federação da Concessionária","C","002*","-","","OC","OC"
"C175","05","CHASSI_VEIC","Chassi do veículo","C","017","-","","O","O"
"C176","01","REG","Texto fixo contendo ""C176”","C","004","-","","Não apresentar","O"
"C176","02","COD_MOD_ULT_E","Código do modelo do documento fiscal relativa a última entrada","C","002*","-","","","O"
"C176","03","NUM_DOC_ULT_E","Número do documento fiscal relativa a última entrada","N","009","-","","","O"
"C176","04","SER_ULT_E","Série do documento fiscal relativa a última entrada","C","003","-","","","OC"
"C176","05","DT_ULT_E","Data relativa a última entrada da mercadoria","N","008*","-","","","O"
"C176","06","COD_PART_ULT_E","Código do participante (do emitente do documento relativa a última entrada)","C","060","-","","","O"
"C176","07","QUANT_ULT_E","Quantidade do item relativa a última entrada","N","-","03","","","O"
"C176","08","VL_UNIT_ULT_E","Valor unitário da mercadoria constante na NF relativa a última entrada inclusive despesas acessórias.","N","-","03","","","O"
"C176","09","VL_UNIT_BC_ST","Valor unitário da base de cálculo do imposto pago por substituição.","N","-","03","","","O"
"C176","10","CHAVE_NFE_ULT_ E","Número completo da chave da NFe relativo à última entrada","C","044*","-","","","OC"
"C176","11","NUM_ITEM_ULT_E","Número sequencial do item na NF entrada que corresponde à mercadoria objeto de pedido de ressarcimento","N","003","-","","","OC"
"C176","12","VL_UNIT_BC_ICMS _ULT_E","Valor unitário da base de cálculo da operação própria do remetente sob o regime comum de tributação","N","-","02","","","O"
"C176","13","ALIQ_ICMS_ULT_E","Alíquota do ICMS aplicável à última entrada da mercadoria","N","-","02","","","O"
"C176","14","VL_UNIT_LIMITE_B C_ICMS_ULT_E","Valor unitário da base de cálculo do ICMS relativo à última entrada da mercadoria, limitado ao valor da BC da retenção (corresponde ao menor valor entre os campos VL_UNIT_BC_ST e VL_UNIT_BC_ICMS_ULT_E )","N","-","02","","","O"
"C176","15","VL_UNIT_ICMS_UL T_E","Valor unitário do crédito de ICMS sobre operações próprias do remetente, relativo à última entrada da mercadoria, decorrente da quebra da ST – equivalente a multiplicação entre os campos 13 e 14","N","-","03","","","O"
"C176","16","ALIQ_ST_ULT_E","Alíquota do ICMS ST relativa à última entrada da mercadoria","N","-","02","","","OC"
"C176","17","VL_UNIT_RES","Valor unitário do ressarcimento (parcial ou completo) de ICMS decorrente da quebra da ST","N","-","03","","","OC"
"C176","18","COD_RESP_RET","Código que indica o responsável pela retenção do ICMS ST: 1 - Remetente Direto Regime Comum","N","001*","-","","","OC"
"C176","19","COD_MOT_RES","Código do motivo do ressarcimento: 1 - Saída para outra UF; 2 -Saída amparada por isenção ou não incidência; 3 - Perda ou deterioração; 4 - Furto ou roubo; 5 - Exportação; 6 - Venda interna para Simples Nacional 9 - Outros","N","001*","-","","","OC"
"C176","20","CHAVE_NFE_RET","Número completo da chave da NF-e emitida pelo substituto, na qual consta o valor do ICMS ST retido","C","044*","-","","","OC"
"C176","21","COD_PART_NFE_R ET","Código do participante do emitente da NF-e em que houve a retenção do ICMS ST – campo 02 do registro 0150","C","060","-","","","OC"
"C176","22","SER_NFE_RET","Série da NF-e em que houve a retenção do ICMS ST","C","003","-","","","OC"
"C176","23","NUM_NFE_RET","Número da NF-e em que houve a retenção do ICMS ST","N","009","-","","","OC"
"C176","24","ITEM_NFE_RET","Número sequencial do item na NF-e em que houve a retenção do ICMS ST, que corresponde à mercadoria objeto de pedido de ressarcimento","N","003","-","","","OC"
"C176","25","COD_DA","Código do modelo do documento de arrecadação: 0 – Documento estadual de arrecadação 1 – GNRE","C","001*","-","","","OC"
"C176","26","NUM_DA","Número do documento de arrecadação estadual, se houver","C","-","-","","","OC"
"C176","27","VL_UNIT_RES_FCP _ST","Valor unitário do ressarcimento (parcial ou completo) de FCP decorrente da quebra da ST","N","-","03","","","OC"
"C177","01","REG","Texto fixo contendo ""C177""","C","004","-","","Não Apresentar","O"
"C177","02","COD_INF_ITEM","Código da informação adicional de acordo com tabela a ser publicada pelas SEFAZ, conforme tabela definida no item 5.6.","C","008*","-","","O","O"
"C178","01","REG","Texto fixo contendo ""C178""","C","004","-","","Não apresentar","O"
"C178","02","CL_ENQ","Código da classe de enquadramento do IPI, conforme Tabela 4.5.1.","C","005","-","","","O"
"C178","03","VL_UNID","Valor por unidade padrão de tributação","N","-","02","","","O"
"C178","04","QUANT_PAD","Quantidade total de produtos na unidade padrão de tributação","N","-","03","","","O"
"C179","01","REG","Texto fixo contendo ""C179”","C","004","-","","Não apresentar","O"
"C179","02","BC_ST_ORIG_DEST","Valor da base de cálculo ST na origem/destino em operações interestaduais.","N","-","02","","","O"
"C179","03","ICMS_ST_REP","Valor do ICMS ST a repassar/deduzir em operações interestaduais","N","-","02","","","O"
"C179","04","ICMS_ST_COMPL","Valor do ICMS ST a complementar à UF de destino","N","-","02","","","OC"
"C179","05","BC_RET","Valor da BC de retenção em remessa promovida por Substituído intermediário","N","-","02","","","OC"
"C179","06","ICMS_RET","Valor da parcela do imposto retido em remessa promovida por substituído intermediário","N","-","02","","","OC"
"C180","01","REG","Texto fixo contendo ""C180”","C","004","-","","O","Não apresentar"
"C180","02","COD_RESP_RET","Código que indica o responsável pela retenção do ICMS ST: 1-Remetente Direto 2-Remetente Indireto 3-Próprio declarante","N","001*","-","","O",""
"C180","03","QUANT_CONV","Quantidade do item","N","-","06","","O",""
"C180","04","UNID","Unidade adotada para informar o campo QUANT_CONV.","C","006","-","","O",""
"C180","05","VL_UNIT_CONV","Valor unitário da mercadoria, considerando a unidade utilizada para informar o campo “QUANT_CONV”.","N","-","06","","O",""
"C180","06","VL_UNIT_ICMS_OP_CONV","Valor unitário do ICMS operação própria que o informante teria direito ao crédito caso a mercadoria estivesse sob o regime comum de tributação, considerando unidade utilizada para informar o campo “QUANT_CONV”.","N","-","06","","O",""
"C180","07","VL_UNIT_BC_ICMS_ST _CONV","Valor unitário da base de cálculo do imposto pago ou retido anteriormente por substituição, considerando a unidade utilizada para informar o campo “QUANT_CONV”, aplicando-se redução, se houver.","N","-","06","","O",""
"C180","08","VL_UNIT_ICMS_ST_CONV","Valor unitário do imposto pago ou retido anteriormente por substituição, inclusive FCP se devido, considerando a unidade utilizada para informar o campo “QUANT_CONV”.","N","-","06","","O",""
"C180","09","VL_UNIT_FCP_ST_CONV","Valor unitário do FCP_ST agregado ao valor informado no campo “VL_UNIT_ICMS_ST_CONV”","N","-","06","","OC",""
"C180","10","COD_DA","Código do modelo do documento de arrecadação: 0 – Documento estadual de arrecadação 1 – GNRE","C","001*","-","","OC",""
"C180","11","NUM_DA","Número do documento de arrecadação, se houver","C","-","-","","OC",""
"C181","01","REG","Texto fixo contendo ""C181”","C","004","-","","O","Não apresentar"
"C181","02","COD_MOT_REST_COMPL","Código do motivo da restituição ou complementação conforme Tabela 5.7","C","005*","-","","O",""
"C181","03","QUANT_CONV","Quantidade do item","N","-","06","","O",""
"C181","04","UNID","Unidade adotada para informar o campo QUANT_CONV.","C","006","-","","O",""
"C181","05","COD_MOD_SAIDA","Código do modelo do documento fiscal de saída, conforme a tabela indicada no item 4.1.1","C","002*","-","","O",""
"C181","06","SERIE_SAIDA","Número de série do documento de saída em papel","C","003","-","","OC",""
"C181","07","ECF_FAB_SAIDA","Número de série de fabricação do equipamento ECF","C","021","","","OC",""
"C181","08","NUM_DOC_SAIDA","Número do documento fiscal de saída","N","009","-","","OC",""
"C181","09","CHV_DFE_SAIDA","Chave do documento fiscal eletrônico de saída","C","044*","","","OC",""
"C181","10","DT_DOC_SAIDA","Data da emissão do documento fiscal de saída","N","008*","-","","O",""
"C181","11","NUM_ITEM_SAIDA","Número do item em que foi escriturada a saída em um registro C185, C380, C480 ou C815 quando o contribuinte informar a saída em um arquivo de perfil A.","N","003","-","","OC",""
"C181","12","VL_UNIT_CONV_SAIDA","Valor unitário da mercadoria, considerando a unidade utilizada para informar o campo “QUANT_CONV”, correspondente ao valor do campo VL_UNIT_CONV, preenchido na ocasião da saída","N","-","06","","OC",""
"C181","13","VL_UNIT_ICMS_OP_ESTOQUE_CONV_SAIDA","Valor médio unitário do ICMS OP, das mercadorias em estoque, correspondente ao valor do campo VL_UNIT_ICMS_OP_ESTOQUE_CONV, preenchido na ocasião da saída","N","-","06","","OC",""
"C181","14","VL_UNIT_ICMS_ST_ESTOQUE_CONV_SAIDA","Valor médio unitário do ICMS ST, incluindo FCP ST, das mercadorias em estoque, correspondente ao valor do campo VL_UNIT_ICMS_ST_ESTOQUE_CONV, preenchido na ocasião da saída","N","-","06","","OC",""
"C181","15","VL_UNIT_FCP_ICMS_ST_ESTOQUE_CONV_SAIDA","Valor médio unitário do FCP ST agregado ao ICMS das mercadorias em estoque, correspondente ao valor do campo VL_UNIT_FCP_ICMS_ST_ESTOQUE_CONV, preenchido na ocasião da saída","N","-","06","","OC",""
"C181","16","VL_UNIT_ICMS_NA_OPERACAO_CONV_SAIDA","Valor unitário para o ICMS na operação, correspondente ao valor do campo VL_UNIT_ICMS_NA_OPERACAO_CONV, preenchido na ocasião da saída","N","-","06","","OC",""
"C181","17","VL_UNIT_ICMS_OP_CONV_SAIDA","Valor unitário do ICMS correspondente ao valor do campo VL_UNIT_ICMS_OP_CONV, preenchido na ocasião da saída","N","-","06","","OC",""
"C181","18","VL_UNIT_ICMS_ST_CONV_REST","Valor unitário do total do ICMS ST, incluindo FCP ST, a ser restituído/ressarcido, correspondente ao estorno do complemento apurado na operação de saída.","N","-","06","","OC",""
"C181","19","VL_UNIT_FCP_ST_CONV_REST","Valor unitário correspondente à parcela de ICMS FCP ST que compõe o campo “VL_UNIT_ICMS_ST_CONV_REST”, considerando a unidade utilizada para informar o campo “QUANT_CONV”.","N","-","06","","OC",""
"C181","20","VL_UNIT_ICMS_ST_CONV_COMPL","Valor unitário do estorno do ressarcimento/restituição, incluindo FCP ST, apurado na operação de saída.","N","-","06","","OC",""
"C181","21","VL_UNIT_FCP_ST_CONV_COMPL","Valor unitário correspondente à parcela de ICMS FCP ST que compõe o campo “VL_UNIT_ICMS_ST_CONV_COMPL”, considerando unidade utilizada para informar o campo “QUANT_CONV”.","N","-","06","","OC",""
"C185","01","REG","Texto fixo contendo ""C185”","C","004","-","","Não apresentar","O"
"C185","02","NUM_ITEM","Número sequencial do item no documento fiscal","N","003","-","","","O"
"C185","03","COD_ITEM","Código do item (campo 02 do Registro 0200)","C","060","-","","","O"
"C185","04","CST_ICMS","Código da Situação Tributária referente ao ICMS","N","003*","-","","","O"
"C185","05","CFOP","Código Fiscal de Operação e Prestação","N","004*","-","","","O"
"C185","06","COD_MOT_REST_COMPL","Código do motivo da restituição ou complementação conforme Tabela 5.7","C","005*","-","","","O"
"C185","07","QUANT_CONV","Quantidade do item","N","-","06","","","O"
"C185","08","UNID","Unidade adotada para informar o campo QUANT_CONV.","C","006","-","","","O"
"C185","09","VL_UNIT_CONV","Valor unitário da mercadoria, considerando a unidade utilizada para informar o campo “QUANT_CONV”.","N","-","06","","","O"
"C185","10","VL_UNIT_ICMS_NA_OPER ACAO_CONV","Valor unitário para o ICMS na operação, caso não houvesse a ST, considerando unidade utilizada para informar o campo “QUANT_CONV”, considerando redução da base de cálculo do ICMS ST na tributação, se houver.","N","-","06","","","OC"
"C185","11","VL_UNIT_ICMS_OP_CONV","Valor unitário do ICMS OP calculado conforme a legislação de cada UF, considerando a unidade utilizada para informar o campo “QUANT_CONV”, utilizado para cálculo de ressarcimento/restituição de ST, no desfazimento da substituição tributária, quando se utiliza a fórmula descrita nas instruções de preenchimento do campo 15, no item a1).","N","-","06","","","OC"
"C185","12","VL_UNIT_ICMS_OP_ESTO QUE_CONV","Valor médio unitário do ICMS que o contribuinte teria se creditado referente à operação de entrada das mercadorias em estoque caso estivesse submetida ao regime comum de tributação, calculado conforme a legislação de cada UF, considerando a unidade utilizada para informar o campo “QUANT_CONV”","N","-","06","","","OC"
"C185","13","VL_UNIT_ICMS_ST_ESTO QUE_CONV","Valor médio unitário do ICMS ST, incluindo FCP ST, das mercadorias em estoque, considerando a unidade utilizada para informar o campo “QUANT_CONV”","N","-","06","","","OC"
"C185","14","VL_UNIT_FCP_ICMS_ST_ESTOQUE_CONV","Valor médio unitário do FCP agregado ao ICMS das mercadorias em estoque, considerando a unidade utilizada para informar o campo “QUANT_CONV”","N","-","06","","","OC"
"C185","15","VL_UNIT_ICMS_ST_CONV_REST","Valor unitário do total do ICMS ST, incluindo FCP ST, a ser restituído/ressarcido, calculado conforme a legislação de cada UF, considerando a unidade utilizada para informar o campo “QUANT_CONV”.","N","-","06","","","OC"
"C185","16","VL_UNIT_FCP_ST_CONV_REST","Valor unitário correspondente à parcela de ICMS FCP ST que compõe o campo “VL_UNIT_ICMS_ST_CONV_REST”, considerando a unidade utilizada para informar o campo “QUANT_CONV”.","N","-","06","","","OC"
"C185","17","VL_UNIT_ICMS_ST_CONV_COMPL","Valor unitário do complemento do ICMS, incluindo FCP ST, considerando a unidade utilizada para informar o campo “QUANT_CONV”.","N","-","06","","","OC"
"C185","18","VL_UNIT_FCP_ST_CONV_COMPL","Valor unitário correspondente à parcela de ICMS FCP ST que compõe o campo “VL_UNIT_ICMS_ST_CONV_COMPL”, considerando unidade utilizada para informar o campo “QUANT_CONV”.","N","-","06","","","OC"
"C186","01","REG","Texto fixo contendo ""C186”","C","004","-","","Não apresentar","O"
"C186","02","NUM_ITEM","Número sequencial do item no documento fiscal de saída","N","003","-","","","O"
"C186","03","COD_ITEM","Código do item (campo 02 do Registro 0200)","C","060","-","","","O"
"C186","04","CST_ICMS","Código da Situação Tributária referente ao ICMS no documento fiscal de saída","N","003*","-","","",""
"C186","05","CFOP","Código Fiscal de Operação e Prestação no documento fiscal de saída","N","004*","-","","","O"
"C186","06","COD_MOT_REST_COMPL","Código do motivo da restituição ou complementação conforme Tabela 5.7","C","005*","-","","O","O"
"C186","07","QUANT_CONV","Quantidade do item no documento fiscal de saída de acordo com as instruções de preenchimento.","N","-","06","","","O"
"C186","08","UNID","Unidade adotada para informar o campo QUANT_CONV.","C","006","-","","","O"
"C186","09","COD_MOD_ENTRADA","Código do modelo do documento fiscal de entrada, conforme a tabela indicada no item 4.1.1","C","002*","-","","","O"
"C186","10","SERIE_ENTRADA","Número de série do documento de entrada em papel","C","003","-","","","OC"
"C186","11","NUM_DOC_ENTRADA","Número do documento fiscal de entrada","N","009","","","","OC"
"C186","12","CHV_DFE_ENTRADA","Chave do documento fiscal eletrônico de entrada","C","044*","-","","","OC"
"C186","13","DT_DOC_ENTRADA","Data da emissão do documento fiscal de entrada","N","008*","-","","","O"
"C186","14","NUM_ITEM_ENTRADA","Item do documento fiscal de entrada","N","003","-","","","O"
"C186","15","VL_UNIT_CONV_ENTRADA","Valor unitário da mercadoria, considerando a unidade utilizada para informar o campo “QUANT_CONV”, correspondente ao valor do campo VL_UNIT_CONV, preenchido na ocasião da entrada","N","-","06","","","OC"
"C186","16","VL_UNIT_ICMS_OP_CONV_ ENTRADA","Valor unitário do ICMS correspondente ao valor do campo VL_UNIT_ICMS_OP_CONV, preenchido na ocasião da entrada","N","-","06","","","OC"
"C186","17","VL_UNIT_BC_ICMS_ST_CONV_ENTRADA","Valor unitário da base de cálculo do imposto pago ou retido anteriormente por substituição, correspondente ao valor do campo VL_UNIT_BC_ICMS_ST_CONV, preenchido na ocasião da entrada","N","-","06","","","OC"
"C186","18","VL_UNIT_ICMS_ST_CONV_ENTRADA","Valor unitário do imposto pago ou retido anteriormente por substituição, inclusive FCP se devido, correspondente ao valor do campo VL_UNIT_ICMS_ST_CONV, preenchido na ocasião da entrada","N","-","06","","","OC"
"C186","19","VL_UNIT_FCP_ST_CONV_ENTRADA","Valor unitário do FCP_ST, correspondente ao valor do campo VL_UNIT_FCP_ST_CONV, preenchido na ocasião da entrada","N","-","06","","","OC"
"C190","01","REG","Texto fixo contendo ""C190""","C","004","-","","O","O"
"C190","02","CST_ICMS","Código da Situação Tributária, conforme a Tabela indicada no item 4.3.1","N","003*","-","","O","O"
"C190","03","CFOP","Código Fiscal de Operação e Prestação do agrupamento de itens","N","004*","-","","O","O"
"C190","04","ALIQ_ICMS","Alíquota do ICMS","N","006","02","","OC","OC"
"C190","05","VL_OPR","Valor da operação na combinação de CST_ICMS, CFOP e alíquota do ICMS, correspondente ao somatório do valor das mercadorias, despesas acessórias (frete, seguros e outras despesas acessórias), ICMS_ST, FCP_ST e IPI.","N","-","02","","O","O"
"C190","06","VL_BC_ICMS","Parcela correspondente ao ""Valor da base de cálculo do ICMS"" referente à combinação de CST_ICMS, CFOP e alíquota do ICMS.","N","-","02","","O","O"
"C190","07","VL_ICMS","Parcela correspondente ao ""Valor do ICMS"", incluindo o FCP, quando aplicável, referente à combinação de CST_ICMS, CFOP e alíquota do ICMS.","N","-","02","","O","O"
"C190","08","VL_BC_ICMS_ ST","Parcela correspondente ao ""Valor da base de cálculo do ICMS"" da substituição tributária referente à combinação de CST_ICMS, CFOP e alíquota do ICMS.","N","-","02","","O","O"
"C190","09","VL_ICMS_ST","Parcela correspondente ao valor creditado/debitado do ICMS da substituição tributária, incluindo o FCP_ ST, quando aplicável, referente à combinação de CST_ICMS, CFOP, e alíquota do ICMS.","N","-","02","","O","O"
"C190","10","VL_RED_BC","Valor não tributado em função da redução da base de cálculo do ICMS, referente à combinação de CST_ICMS, CFOP e alíquota do ICMS.","N","-","02","","O","O"
"C190","11","VL_IPI","Parcela correspondente ao ""Valor do IPI"" referente à combinação CST_ICMS, CFOP e alíquota do ICMS.","N","-","02","","O","O"
"C190","12","COD_OBS","Código da observação do lançamento fiscal (campo 02 do Registro 0460)","C","006","-","","OC","OC"
"C191","1","REG","Texto fixo contendo ""C191""","C","004","-","","O","O"
"C191","2","VL_FCP_OP","Valor do Fundo de Combate à Pobreza (FCP) vinculado à operação própria, na combinação de CST_ICMS, CFOP e alíquota do ICMS","N","-","02","","OC","OC"
"C191","3","VL_FCP_ST","Valor do Fundo de Combate à Pobreza (FCP) vinculado à operação de substituição tributária, na combinação de CST_ICMS, CFOP e alíquota do ICMS.","N","-","02","","OC","OC"
"C191","4","VL_FCP_RET","Valor relativo ao Fundo de Combate à Pobreza (FCP) retido anteriormente nas operações com Substituição Tributárias, na combinação de CST_ICMS, CFOP e alíquota do ICMS","N","-","02","","OC","OC"
"C195","01","REG","Texto fixo contendo ""C195""","C","004","-","","O","O"
"C195","02","COD_OBS","Código da observação do lançamento fiscal (campo 02 do Registro 0460)","C","006","-","","O","O"
"C195","03","TXT_COMPL","Descrição complementar do código de observação.","C","-","-","","OC","OC"
"C197","01","REG","Texto fixo contendo ""C197""","C","004","-","","O","O"
"C197","02","COD_AJ","Código dos ajustes/benefício/incentivo, conforme tabela indicada no item 5.3.","C","010*","-","","O","O"
"C197","03","DESCR_COMPL_AJ","Descrição complementar do ajuste do documento fiscal","C","-","-","","OC","OC"
"C197","04","COD_ITEM","Código do item (campo 02 do Registro 0200)","C","060","-","","OC","OC"
"C197","05","VL_BC_ICMS","Base de cálculo do ICMS ou do ICMS ST","N","-","02","","OC","OC"
"C197","06","ALIQ_ICMS","Alíquota do ICMS","N","006","02","","OC","OC"
"C197","07","VL_ICMS","Valor do ICMS ou do ICMS ST","N","-","02","","OC","OC"
"C197","08","VL_OUTROS","Outros valores","N","-","02","","OC","OC"
"C300","01","REG","Texto fixo contendo ""C300""","C","004","-","","Não apresentar","O"
"C300","02","COD_MOD","Código do modelo do documento fiscal, conforme a Tabela 4.1.1","C","002*","-","","","O"
"C300","03","SER","Série do documento fiscal","C","004","-","","","O"
"C300","04","SUB","Subsérie do documento fiscal","C","003","-","","","OC"
"C300","05","NUM_DOC_INI","Número do documento fiscal inicial","N","006","-","","","O"
"C300","06","NUM_DOC_FIN","Número do documento fiscal final","N","006","-","","","O"
"C300","07","DT_DOC","Data da emissão dos documentos fiscais","N","008*","-","","","O"
"C300","08","VL_DOC","Valor total dos documentos","N","-","02","","","O"
"C300","09","VL_PIS","Valor total do PIS","N","-","02","","","OC"
"C300","10","VL_COFINS","Valor total da COFINS","N","-","02","","","OC"
"C300","11","COD_CTA","Código da conta analítica contábil debitada/creditada","C","-","-","","","OC"
"C310","01","REG","Texto fixo contendo ""C310""","C","004","-","","Não apresentar","O"
"C310","02","NUM_DOC_CANC","Número do documento fiscal cancelado","N","-","-","","","O"
"C320","01","REG","Texto fixo contendo ""C320""","C","004","-","","Não apresentar","O"
"C320","02","CST_ICMS","Código da Situação Tributária, conforme a Tabela indicada no item 4.3.1","N","003*","-","","","O"
"C320","03","CFOP","Código Fiscal de Operação e Prestação","N","004*","-","","","O"
"C320","04","ALIQ_ICMS","Alíquota do ICMS","N","006","02","","","OC"
"C320","05","VL_OPR","Valor total acumulado das operações correspondentes à combinação de CST_ICMS, CFOP e alíquota do ICMS, incluídas as despesas acessórias e acréscimos.","N","-","02","","","O"
"C320","06","VL_BC_ICMS","Valor acumulado da base de cálculo do ICMS, referente à combinação de CST_ICMS, CFOP, e alíquota do ICMS.","N","-","02","","","O"
"C320","07","VL_ICMS","Valor acumulado do ICMS, referente à combinação de CST_ICMS, CFOP e alíquota do ICMS.","N","-","02","","","O"
"C320","08","VL_RED_BC","Valor não tributado em função da redução da base de cálculo do ICMS, referente à combinação de CST_ICMS, CFOP, e alíquota do ICMS.","N","-","02","","","O"
"C320","09","COD_OBS","Código da observação do lançamento fiscal (campo 02 do Registro 0460)","C","006","-","","","OC"
"C321","01","REG","Texto fixo contendo ""C321""","C","004","-","","Não apresentar","O"
"C321","02","COD_ITEM","Código do item (campo 02 do Registro 0200)","C","060","-","","","O"
"C321","03","QTD","Quantidade acumulada do item","N","-","03","","","O"
"C321","04","UNID","Unidade do item (Campo 02 do registro 0190)","C","006","-","","","O"
"C321","05","VL_ITEM","Valor acumulado do item","N","-","02","","","O"
"C321","06","VL_DESC","Valor do desconto acumulado","N","-","02","","","OC"
"C321","07","VL_BC_ICMS","Valor acumulado da base de cálculo do ICMS","N","-","02","","","OC"
"C321","08","VL_ICMS","Valor acumulado do ICMS debitado","N","-","02","","","OC"
"C321","09","VL_PIS","Valor acumulado do PIS","N","-","02","","","OC"
"C321","10","VL_COFINS","Valor acumulado da COFINS","N","-","02","","","OC"
"C330","01","REG","Texto fixo contendo ""C330”","C","004","-","","Não apresentar","O"
"C330","02","COD_MOT_REST_COMPL","Código do motivo da restituição ou complementação conforme Tabela 5.7","C","005*","-","","","O"
"C330","03","QUANT_CONV","Quantidade do item","N","-","06","","","O"
"C330","04","UNID","Unidade adotada para informar o campo QUANT_CONV.","C","006","-","","","O"
"C330","05","VL_UNIT_CONV","Valor unitário da mercadoria, considerando a unidade utilizada para informar o campo “QUANT_CONV”.","N","-","06","","","O"
"C330","06","VL_UNIT_ICMS_NA_OPER ACAO_CONV","Valor unitário para o ICMS na operação, caso não houvesse a ST, considerando unidade utilizada para informar o campo “QUANT_CONV”, aplicando-se a mesma redução da base de cálculo do ICMS ST na tributação, se houver.","N","-","06","","","OC"
"C330","07","VL_UNIT_ICMS_OP_CON V","Valor unitário do ICMS OP calculado conforme a legislação de cada UF, considerando a unidade utilizada para informar o campo “QUANT_CONV”, utilizado para cálculo de ressarcimento/restituição de ST, no desfazimento da substituição tributária, quando se utiliza a fórmula descrita nas instruções de preenchimento do campo 11, no item a1).","N","-","06","","","OC"
"C330","08","VL_UNIT_ICMS_OP_ESTO QUE_CONV","Valor médio unitário do ICMS que o contribuinte teria se creditado referente à operação de entrada das mercadorias em estoque caso estivesse submetida ao regime comum de tributação, calculado conforme a legislação de cada UF, considerando a unidade utilizada para informar o campo “QUANT_CONV”","N","-","06","","","OC"
"C330","09","VL_UNIT_ICMS_ST_ESTO QUE_CONV","Valor médio unitário do ICMS ST, incluindo FCP ST, das mercadorias em estoque, considerando unidade utilizada para informar o campo “QUANT_CONV”.","N","-","06","","","OC"
"C330","10","VL_UNIT_FCP_ICMS_ST_ESTOQUE_CONV","Valor médio unitário do FCP ST agregado ao ICMS das mercadorias em estoque, considerando unidade utilizada para informar o campo “QUANT_CONV”","N","-","06","","","OC"
"C330","11","VL_UNIT_ICMS_ST_CONV_REST","Valor unitário do total do ICMS ST, incluindo FCP ST, a ser restituído/ressarcido, calculado conforme a legislação de cada UF, considerando a unidade utilizada para informar o campo “QUANT_CONV”.","N","-","06","","","OC"
"C330","12","VL_UNIT_FCP_ST_CONV_REST","Valor unitário correspondente à parcela de ICMS FCP ST que compõe o campo “VL_UNIT_ICMS_ST_CONV_REST”, considerando a unidade utilizada para informar o campo “QUANT_CONV”.","N","-","06","","","OC"
"C330","13","VL_UNIT_ICMS_ST_CONV_COMPL","Valor unitário do complemento do ICMS, incluindo FCP ST, considerando a unidade utilizada para informar o campo “QUANT_CONV”.","N","-","06","","","OC"
"C330","14","VL_UNIT_FCP_ST_CONV_COMPL","Valor unitário correspondente à parcela de ICMS FCP ST que compõe o campo “VL_UNIT_ICMS_ST_CONV_COMPL”, considerando unidade utilizada para informar o campo “QUANT_CONV”.","N","-","06","","","OC"
"C350","01","REG","Texto fixo contendo ""C350""","C","004","-","","Não apresentar","O"
"C350","02","SER","Série do documento fiscal","C","003","-","","","OC"
"C350","03","SUB_SER","Subsérie do documento fiscal","C","003","-","","","OC"
"C350","04","NUM_DOC","Número do documento fiscal","N","006","-","","","O"
"C350","05","DT_DOC","Data da emissão do documento fiscal","N","008*","","","","O"
"C350","06","CNPJ_CPF","CNPJ ou CPF do destinatário","N","014","-","","","OC"
"C350","07","VL_MERC","Valor das mercadorias constantes no documento fiscal","N","-","02","","","O"
"C350","08","VL_DOC","Valor total do documento fiscal","N","-","02","","","O"
"C350","09","VL_DESC","Valor total do desconto","N","-","02","","","OC"
"C350","10","VL_PIS","Valor total do PIS","N","-","02","","","OC"
"C350","11","VL_COFINS","Valor total da COFINS","N","-","02","","","OC"
"C350","12","COD_CTA","Código da conta analítica contábil debitada/creditada","C","-","-","","","OC"
"C370","01","REG","Texto fixo contendo ""C370""","C","004","-","","Não apresentar","O"
"C370","02","NUM_ITEM","Número sequencial do item no documento fiscal","N","003","-","","","O"
"C370","03","COD_ITEM","Código do Item (campo 02 do registro 0200)","C","060","-","","","O"
"C370","04","QTD","Quantidade do item","N","-","3","","","O"
"C370","05","UNID","Unidade do item (campo 02 do registro 0190)","C","006","-","","","O"
"C370","06","VL_ITEM","Valor total do item","N","-","2","","","O"
"C370","07","VL_DESC","Valor total do desconto no item","N","-","2","","","OC"
"C380","01","REG","Texto fixo contendo ""C380”","C","004","-","","Não apresentar","O"
"C380","02","COD_MOT_REST_CO MPL","Código do motivo da restituição ou complementação conforme Tabela 5.7","C","005*","-","","","O"
"C380","03","QUANT_CONV","Quantidade do item","N","-","06","","","O"
"C380","04","UNID","Unidade adotada para informar o campo QUANT_CONV.","C","006","-","","","O"
"C380","05","VL_UNIT_CONV","Valor unitário da mercadoria, considerando a unidade utilizada para informar o campo “QUANT_CONV”.","N","-","06","","","O"
"C380","06","VL_UNIT_ICMS_NA_O PERACAO_CONV","Valor unitário para o ICMS na operação, caso não houvesse a ST, considerando unidade utilizada para informar o campo “QUANT_CONV”, aplicando-se a mesma redução da base de cálculo do ICMS ST na tributação, se houver.","N","-","06","","","OC"
"C380","07","VL_UNIT_ICMS_OP_C ONV","Valor unitário do ICMS OP calculado conforme a legislação de cada UF, considerando a unidade utilizada para informar o campo “QUANT_CONV”, utilizado para cálculo de ressarcimento/restituição de ST, no desfazimento da substituição tributária, quando se utiliza a fórmula descrita nas instruções de preenchimento do campo 11, no item a1).","N","-","06","","","OC"
"C380","08","VL_UNIT_ICMS_OP_E STOQUE_CONV","Valor médio unitário do ICMS que o contribuinte teria se creditado referente à operação de entrada das mercadorias em estoque caso estivesse submetida ao regime comum de tributação, calculado conforme a legislação de cada UF, considerando a unidade utilizada para informar o campo “QUANT_CONV”","N","-","06","","","OC"
"C380","09","VL_UNIT_ICMS_ST_ES TOQUE_CONV","Valor médio unitário do ICMS ST, incluindo FCP ST, das mercadorias em estoque, considerando unidade utilizada para informar o campo “QUANT_CONV”.","N","-","06","","","OC"
"C380","10","VL_UNIT_FCP_ICMS_ST_ESTOQUE_CONV","Valor médio unitário do FCP ST agregado ao ICMS das mercadorias em estoque, considerando unidade utilizada para informar o campo “QUANT_CONV”.","N","-","06","","","OC"
"C380","11","VL_UNIT_ICMS_ST_CONV_REST","Valor unitário do total do ICMS ST, incluindo FCP ST, a ser restituído/ressarcido, calculado conforme a legislação de cada UF, considerando a unidade utilizada para informar o campo “QUANT_CONV”.","N","-","06","","","OC"
"C380","12","VL_UNIT_FCP_ST_CONV_REST","Valor unitário correspondente à parcela de ICMS FCP ST que compõe o campo “VL_UNIT_ICMS_ST_CONV_REST”, considerando a unidade utilizada para informar o campo “QUANT_CONV”.","N","-","06","","","OC"
"C380","13","VL_UNIT_ICMS_ST_CONV_COMPL","Valor unitário do complemento do ICMS, incluindo FCP ST, considerando a unidade utilizada para informar o campo “QUANT_CONV”.","N","-","06","","","OC"
"C380","14","VL_UNIT_FCP_ST_CONV_COMPL","Valor unitário correspondente à parcela de ICMS FCP ST que compõe o campo “VL_UNIT_ICMS_ST_CONV_COMPL”, considerando unidade utilizada para informar o campo “QUANT_CONV”.","N","-","06","","","OC"
"C380","15","CST_ICMS","Código da Situação Tributária referente ao ICMS","N","003*","-","","","O"
"C380","16","CFOP","Código Fiscal de Operação e Prestação","N","004*","-","","","O"
"C390","01","REG","Texto fixo contendo ""C390""","C","004","-","","Não apresentar","O"
"C390","02","CST_ICMS","Código da Situação Tributária, conforme a Tabela indicada no item 4.3.1","N","003*","-","","","O"
"C390","03","CFOP","Código Fiscal de Operação e Prestação","N","004*","-","","","O"
"C390","04","ALIQ_ICMS","Alíquota do ICMS","N","006","02","","","OC"
"C390","05","VL_OPR","Valor total acumulado das operações correspondentes à combinação de CST_ICMS, CFOP e alíquota do ICMS, incluídas as despesas acessórias e acréscimos.","N","-","02","","","O"
"C390","06","VL_BC_ICMS","Valor acumulado da base de cálculo do ICMS, referente à combinação de CST_ICMS, CFOP, e alíquota do ICMS.","N","-","02","","","OC"
"C390","07","VL_ICMS","Valor acumulado do ICMS, referente à combinação de CST_ICMS, CFOP e alíquota do ICMS.","N","-","02","","","OC"
"C390","08","VL_RED_BC","Valor não tributado em função da redução da base de cálculo do ICMS, referente à combinação de CST_ICMS, CFOP, e alíquota do ICMS.","N","-","02","","","OC"
"C390","09","COD_OBS","Código da observação do lançamento fiscal (campo 02 do Registro 0460)","C","006","-","","","OC"
"C400","01","REG","Texto fixo contendo ""C400""","C","004","-","","Não apresentar","O"
"C400","02","COD_MOD","Código do modelo do documento fiscal, conforme a Tabela 4.1.1","C","002*","-","","","O"
"C400","03","ECF_MOD","Modelo do equipamento","C","020","-","","","O"
"C400","04","ECF_FAB","Número de série de fabricação do ECF","C","021","-","","","O"
"C400","05","ECF_CX","Número do caixa atribuído ao ECF","N","003","-","","","O"
"C405","01","REG","Texto fixo contendo ""C405""","C","004","-","","Não Apresentar","O"
"C405","02","DT_DOC","Data do movimento a que se refere a Redução Z","N","008*","-","","","O"
"C405","03","CRO","Posição do Contador de Reinício de Operação","N","003","-","","","O"
"C405","04","CRZ","Posição do Contador de Redução Z","N","006","-","","","O"
"C405","05","NUM_COO_FI N","Número do Contador de Ordem de Operação do último documento emitido no dia. (Número do COO na Redução Z)","N","009","-","","","O"
"C405","06","GT_FIN","Valor do Grande Total final","N","-","02","","","O"
"C405","07","VL_BRT","Valor da venda bruta","N","-","02","","","O"
"C410","01","REG","Texto fixo contendo ""C410""","C","004","-","","Não Apresentar","O"
"C410","02","VL_PIS","Valor total do PIS","N","-","02","","","OC"
"C410","03","VL_COFINS","Valor total da COFINS","N","-","02","","","OC"
"C420","01","REG","Texto fixo contendo ""C420""","C","004","-","","Não apresentar","O"
"C420","02","COD_TOT_PAR","Código do totalizador, conforme Tabela 4.4.6","C","007","-","","","O"
"C420","03","VLR_ACUM_TOT","Valor acumulado no totalizador, relativo à respectiva Redução Z.","N","-","02","","","O"
"C420","04","NR_TOT","Número do totalizador quando ocorrer mais de uma situação com a mesma carga tributária efetiva.","N","002","-","","","OC"
"C420","05","DESCR_NR_TOT","Descrição da situação tributária relativa ao totalizador parcial, quando houver mais de um com a mesma carga tributária efetiva.","C","-","-","","","OC"
"C425","01","REG","Texto fixo contendo ""C425""","C","004","-","","Não apresentar","O"
"C425","02","COD_ITEM","Código do item (campo 02 do Registro 0200)","C","060","-","","","O"
"C425","03","QTD","Quantidade acumulada do item","N","-","03","","","O"
"C425","04","UNID","Unidade do item (Campo 02 do registro 0190)","C","006","-","","","O"
"C425","05","VL_ITEM","Valor acumulado do item","N","-","02","","","O"
"C425","06","VL_PIS","Valor do PIS","N","-","02","","","OC"
"C425","07","VL_COFINS","Valor da COFINS","N","-","02","","","OC"
"C430","01","REG","Texto fixo contendo ""C430”","C","004","-","","Não apresentar","O"
"C430","02","COD_MOT_REST_COMP L","Código do motivo da restituição ou complementação conforme Tabela 5.7","C","005*","-","","","O"
"C430","03","QUANT_CONV","Quantidade do item","N","-","06","","","O"
"C430","04","UNID","Unidade adotada para informar o campo QUANT_CONV.","C","006","-","","",""
"C430","05","VL_UNIT_CONV","Valor unitário da mercadoria, considerando a unidade utilizada para informar o campo “QUANT_CONV”.","N","-","06","","",""
"C430","06","VL_UNIT_ICMS_NA_OPE RACAO_CONV","Valor unitário para o ICMS na operação, caso não houvesse a ST, considerando unidade utilizada para informar o campo “QUANT_CONV”, considerando redução da base de cálculo do ICMS ST na tributação, se houver.","N","-","06","","",""
"C430","07","VL_UNIT_ICMS_OP_CO NV","Valor unitário do ICMS OP calculado conforme a legislação de cada UF, considerando a unidade utilizada para informar o campo “QUANT_CONV”, utilizado para cálculo de ressarcimento/restituição de ST, no desfazimento da substituição tributária, quando se utiliza a fórmula descrita nas instruções de preenchimento do campo 11, no item a1).","N","-","06","","",""
"C430","08","VL_UNIT_ICMS_OP_EST OQUE_CONV","Valor médio unitário do ICMS que o contribuinte teria se creditado referente à operação de entrada das mercadorias em estoque caso estivesse submetida ao regime comum de tributação, calculado conforme a legislação de cada UF, considerando a unidade utilizada para informar o campo “QUANT_CONV”","N","-","06","","",""
"C430","09","VL_UNIT_ICMS_ST_EST OQUE_CONV","Valor médio unitário do ICMS ST, incluindo FCP ST, das mercadorias em estoque, considerando unidade utilizada para informar o campo “QUANT_CONV”.","N","-","06","","",""
"C430","10","VL_UNIT_FCP_ICMS_ST_ESTOQUE_CONV","Valor médio unitário do FCP ST agregado ao ICMS das mercadorias em estoque, considerando unidade utilizada para informar o campo “QUANT_CONV”.","N","-","06","","","OC"
"C430","11","VL_UNIT_ICMS_ST_CONV_REST","Valor unitário do total do ICMS ST, incluindo FCP ST, a ser restituído/ressarcido, calculado conforme a legislação de cada UF, considerando a unidade utilizada para informar o campo “QUANT_CONV”.","N","-","06","","","OC"
"C430","12","VL_UNIT_FCP_ST_CONV_REST","Valor unitário correspondente à parcela de ICMS FCP ST que compõe o campo “VL_UNIT_ICMS_ST_CONV_REST”, considerando a unidade utilizada para informar o campo “QUANT_CONV”.","N","-","06","","","OC"
"C430","13","VL_UNIT_ICMS_ST_CONV_COMPL","Valor unitário do complemento do ICMS, incluindo FCP ST, considerando a unidade utilizada para informar o campo “QUANT_CONV”.","N","-","06","","","OC"
"C430","14","VL_UNIT_FCP_ST_CONV_COMPL","Valor unitário correspondente à parcela de ICMS FCP ST que compõe o campo “VL_UNIT_ICMS_ST_CONV_COMPL”, considerando unidade utilizada para informar o campo “QUANT_CONV”.","N","-","06","","","OC"
"C430","15","CST_ICMS","Código da Situação Tributária referente ao ICMS","N","003*","-","","","O"
"C430","16","CFOP","Código Fiscal de Operação e Prestação","N","004*","-","","","O"
"C460","01","REG","Texto fixo contendo ""C460""","C","004","-","","Não apresentar","O"
"C460","02","COD_MOD","Código do modelo do documento fiscal, conforme a Tabela 4.1.1","C","002*","-","","","O"
"C460","03","COD_SIT","Código da situação do documento fiscal, conforme a Tabela 4.1.2","N","002*","-","","","O"
"C460","04","NUM_DOC","Número do documento fiscal (COO)","N","009","-","","","O"
"C460","05","DT_DOC","Data da emissão do documento fiscal","N","008*","-","","","O"
"C460","06","VL_DOC","Valor total do documento fiscal","N","-","02","","","O"
"C460","07","VL_PIS","Valor do PIS","N","-","02","","","OC"
"C460","08","VL_COFINS","Valor da COFINS","N","-","02","","","OC"
"C460","09","CPF_CNPJ","CPF ou CNPJ do adquirente","N","014","-","","","OC"
"C460","10","NOM_ADQ","Nome do adquirente","C","060","-","","","OC"
"C465","01","REG","Texto fixo contendo ""C465""","C","004","-","","Não apresentar","O"
"C465","02","CHV_CFE","Chave do Cupom Fiscal Eletrônico","C","044","-","","","O"
"C465","03","NUM_CCF","Número do Contador de Cupom Fiscal","N","009","-","","","O"
"C470","01","REG","Texto fixo contendo ""C470""","C","004","-","","Não apresentar","O"
"C470","02","COD_ITEM","Código do item (campo 02 do Registro 0200)","C","060","-","","","O"
"C470","03","QTD","Quantidade do item","N","-","03","","","O"
"C470","04","QTD_CANC","Quantidade cancelada, no caso de cancelamento parcial de item","N","-","03","","","OC"
"C470","05","UNID","Unidade do item (Campo 02 do registro 0190)","C","006","-","","","O"
"C470","06","VL_ITEM","Valor total do item","N","-","02","","","O"
"C470","07","CST_ICMS","Código da Situação Tributária, conforme a Tabela indicada no item 4.3.1.","N","003*","-","","","O"
"C470","08","CFOP","Código Fiscal de Operação e Prestação","N","004*","-","","","O"
"C470","09","ALIQ_ICMS","Alíquota do ICMS – Carga tributária efetiva em percentual","N","006","02","","","OC"
"C470","10","VL_PIS","Valor do PIS","N","-","02","","","OC"
"C470","11","VL_COFINS","Valor da COFINS","N","-","02","","","OC"
"C480","01","REG","Texto fixo contendo ""C480”","C","004","-","","Não apresentar","O"
"C480","02","COD_MOT_REST_C OMPL","Código do motivo da restituição ou complementação conforme Tabela 5.7","C","005*","-","","","O"
"C480","03","QUANT_CONV","Quantidade do item","N","-","06","","","O"
"C480","04","UNID","Unidade adotada para informar o campo QUANT_CONV.","C","006","-","","","O"
"C480","05","VL_UNIT_CONV","Valor unitário da mercadoria, considerando a unidade utilizada para informar o campo “QUANT_CONV”.","N","-","06","","","O"
"C480","06","VL_UNIT_ICMS_NA _OPERACAO_CONV","Valor unitário para o ICMS na operação, caso não houvesse a ST, considerando unidade utilizada para informar o campo “QUANT_CONV”, aplicando-se a mesma redução da base de cálculo do ICMS ST na tributação, se houver.","N","-","06","","","OC"
"C480","07","VL_UNIT_ICMS_OP _CONV","Valor unitário do ICMS OP calculado conforme a legislação de cada UF, considerando a unidade utilizada para informar o campo “QUANT_CONV”, utilizado para cálculo de ressarcimento/restituição de ST, no desfazimento da substituição tributária, quando se utiliza a fórmula descrita nas instruções de preenchimento do campo 11, no item a1).","N","-","06","","","OC"
"C480","08","VL_UNIT_ICMS_OP _ESTOQUE_CONV","Valor médio unitário do ICMS que o contribuinte teria se creditado referente à operação de entrada das mercadorias em estoque caso estivesse submetida ao regime comum de tributação, calculado conforme a legislação de cada UF, considerando a unidade utilizada para informar o campo “QUANT_CONV”","N","-","06","","","OC"
"C480","09","VL_UNIT_ICMS_ST_ ESTOQUE_CONV","Valor médio unitário do ICMS ST, incluindo FCP ST, das mercadorias em estoque, considerando unidade utilizada para informar o campo “QUANT_CONV”.","N","-","06","","","OC"
"C480","10","VL_UNIT_FCP_ICMS_ST_ESTOQUE_CONV","Valor médio unitário do FCP ST agregado ao ICMS das mercadorias em estoque, considerando unidade utilizada para informar o campo “QUANT_CONV”.","N","-","06","","","OC"
"C480","11","VL_UNIT_ICMS_ST_CONV_REST","Valor unitário do total do ICMS ST, incluindo FCP ST, a ser restituído/ressarcido, calculado conforme a legislação de cada UF, considerando a unidade utilizada para informar o campo “QUANT_CONV”.","N","-","06","","","OC"
"C480","12","VL_UNIT_FCP_ST_CONV_REST","Valor unitário correspondente à parcela de ICMS FCP ST que compõe o campo “VL_UNIT_ICMS_ST_CONV_REST”, considerando a unidade utilizada para informar o campo “QUANT_CONV”.","N","-","06","","","OC"
"C480","13","VL_UNIT_ICMS_ST_CONV_COMPL","Valor unitário do complemento do ICMS, incluindo FCP ST, considerando a unidade utilizada para informar o campo “QUANT_CONV”.","N","-","06","","","OC"
"C480","14","VL_UNIT_FCP_ST_CONV_COMPL","Valor unitário correspondente à parcela de ICMS FCP ST que compõe o campo “VL_UNIT_ICMS_ST_CONV_COMPL”, considerando unidade utilizada para informar o campo “QUANT_CONV”.","N","-","06","","","OC"
"C480","15","CST_ICMS","Código da Situação Tributária referente ao ICMS","N","003*","-","","","O"
"C480","16","CFOP","Código Fiscal de Operação e Prestação","N","004*","-","","","O"
"C490","01","REG","Texto fixo contendo ""C490""","C","004","-","","Não apresentar","O"
"C490","02","CST_ICMS","Código da Situação Tributária, conforme a Tabela indicada no item 4.3.1","N","003*","-","","","O"
"C490","03","CFOP","Código Fiscal de Operação e Prestação","N","004*","-","","","O"
"C490","04","ALIQ_ICMS","Alíquota do ICMS","N","006","02","","","OC"
"C490","05","VL_OPR","Valor da operação correspondente à combinação de CST_ICMS, CFOP, e alíquota do ICMS, incluídas as despesas acessórias e acréscimos","N","-","02","","","O"
"C490","06","VL_BC_ICMS","Valor acumulado da base de cálculo do ICMS, referente à combinação de CST_ICMS, CFOP, e alíquota do ICMS.","N","-","02","","","O"
"C490","07","VL_ICMS","Valor acumulado do ICMS, referente à combinação de CST_ICMS, CFOP e alíquota do ICMS.","N","-","02","","","O"
"C490","08","COD_OBS","Código da observação do lançamento fiscal (campo 02 do Registro 0460)","C","006","-","","","OC"
"C495","01","REG","Texto fixo contendo ""C495""","C","004","-","","Não apresentar","O"
"C495","02","ALIQ_ICMS","Alíquota do ICMS","N","006","02","","","OC"
"C495","03","COD_ITEM","Código do item (campo 02 do Registro 0200)","C","060","-","","","O"
"C495","04","QTD","Quantidade acumulada do item","N","-","03","","","O"
"C495","05","QTD_CANC","Quantidade cancelada acumulada, no caso de cancelamento parcial de item","N","-","03","","","OC"
"C495","06","UNID","Unidade do item (Campo 02 do registro 0190)","C","006","-","","","O"
"C495","07","VL_ITEM","Valor acumulado do item","N","-","02","","","O"
"C495","08","VL_DESC","Valor acumulado dos descontos","N","-","02","","","OC"
"C495","09","VL_CANC","Valor acumulado dos cancelamentos","N","-","02","","","OC"
"C495","10","VL_ACMO","Valor acumulado dos acréscimos","N","-","02","","","OC"
"C495","11","VL_BC_ICMS","Valor acumulado da base de cálculo do ICMS","N","-","02","","","OC"
"C495","12","VL_ICMS","Valor acumulado do ICMS","N","-","02","","","OC"
"C495","13","VL_ISEN","Valor das saídas isentas do ICMS","N","-","02","","","OC"
"C495","14","VL_NT","Valor das saídas sob não-incidência ou não- tributadas pelo ICMS","N","-","02","","","OC"
"C495","15","VL_ICMS_ST","Valor das saídas de mercadorias adquiridas com substituição tributária do ICMS","N","-","02","","","OC"
"C500","01","REG","Texto fixo contendo ""C500""","C","004","-","","O","O"
"C500","02","IND_OPER","Indicador do tipo de operação: 0 - Entrada; 1 - Saída","C","001*","-","","O","O"
"C500","03","IND_EMIT","Indicador do emitente do documento fiscal: 0 - Emissão própria; 1 - Terceiros","C","001*","-","","O","O"
"C500","04","COD_PART","Código do participante (campo 02 do Registro 0150): - do adquirente, no caso das saídas; - do fornecedor no caso de entradas","C","060","-","","O","O"
"C500","05","COD_MOD","Código do modelo do documento fiscal, conforme a Tabela 4.1.1","C","002*","-","","O","O"
"C500","06","COD_SIT","Código da situação do documento fiscal, conforme a Tabela 4.1.2","N","002*","-","","O","O"
"C500","07","SER","Série do documento fiscal","C","004","-","","OC","OC"
"C500","08","SUB","Subsérie do documento fiscal","N","003","-","","OC","OC"
"C500","09","COD_CONS","- Código de classe de consumo de energia elétrica ou gás: 01 - Comercial 02 - Consumo Próprio 03 - Iluminação Pública 04 - Industrial 05 - Poder Público 06 - Residencial","C","002*","-","","OC","OC"
"C500","10","NUM_DOC","Número do documento fiscal","N","009","-","","O","O"
"C500","11","DT_DOC","Data da emissão do documento fiscal","N","008*","-","","O","O"
"C500","12","DT_E_S","Data da entrada ou da saída","N","008*","-","","O","O"
"C500","13","VL_DOC","Valor total do documento fiscal","N","-","02","","O","O"
"C500","14","VL_DESC","Valor total do desconto","N","-","02","","OC","OC"
"C500","15","VL_FORN","Valor total fornecido/consumido","N","-","02","","O","O"
"C500","16","VL_SERV_NT","Valor total dos serviços não-tributados pelo ICMS","N","-","02","","OC","OC"
"C500","17","VL_TERC","Valor total cobrado em nome de terceiros","N","-","02","","OC","OC"
"C500","18","VL_DA","Valor total de despesas acessórias indicadas no documento fiscal","N","-","02","","OC","OC"
"C500","19","VL_BC_ICMS","Valor acumulado da base de cálculo do ICMS","N","-","02","","OC","OC"
"C500","20","VL_ICMS","Valor acumulado do ICMS","N","-","02","","OC","OC"
"C500","21","VL_BC_ICMS_ST","Valor acumulado da base de cálculo do ICMS substituição tributária","N","-","02","","OC","OC"
"C500","22","VL_ICMS_ST","Valor acumulado do ICMS retido por substituição tributária","N","-","02","","OC","OC"
"C500","23","COD_INF","Código da informação complementar do documento fiscal (campo 02 do Registro 0450)","C","006","-","","OC","OC"
"C500","24","VL_PIS","Valor do PIS","N","-","02","","OC","OC"
"C500","25","VL_COFINS","Valor da COFINS","N","-","02","","OC","OC"
"C500","26","TP LIGACAO","Código de tipo de Ligação 1 - Monofásico 2 - Bifásico 3 - Trifásico","N","001*","-","","OC","OC"
"C500","27","COD_GRUPO_TENSAO","Código de grupo de tensão: 01 - A1 - Alta Tensão (230kV ou mais) 02 - A2 - Alta Tensão (88 a 138kV) 03 - A3 - Alta Tensão (69kV) 04 - A3a - Alta Tensão (30kV a 44kV) 05 - A4 - Alta Tensão (2,3kV a 25kV) 06 - AS - Alta Tensão Subterrâneo 06 07 - B1 - Residencial 07 08 - B1 - Residencial Baixa Renda 08 09 - B2 - Rural 09 10 - B2 - Cooperativa de Eletrificação Rural 11 - B2 - Serviço Público de Irrigação 12 - B3 - Demais Classes 13 - B4a - Iluminação Pública - rede de distribuição 14 - B4b - Iluminação Pública - bulbo de lâmpada","C","002*","-","","OC","OC"
"C500","28","CHV_DOCe","Chave da Nota Fiscal de Energia Elétrica Eletrônica","C","044*","-","","OC","OC"
"C500","29","FIN_DOCe","Finalidade da emissão do documento eletrônico: 1 – Normal 2 – Substituição 3 – Normal com ajuste","N","001*","-","","OC","OC"
"C500","30","CHV_DOCe_REF","Chave da nota referenciada.","C","044*","-","","OC","OC"
"C500","31","IND_DEST","Indicador do Destinatário/Acessante: 1 – Contribuinte do ICMS; 2 – Contribuinte Isento de Inscrição no Cadastro de Contribuintes do ICMS; 9 – Não Contribuinte.","N","001*","-","","N","O"
"C500","32","COD_MUN_DEST","Código do município do destinatário conforme a tabela do IBGE.","N","007*","-","","N","O"
"C500","33","COD_CTA","Código da conta analítica contábil debitada/creditada","C","-","-","","OC","OC"
"C500","34","COD_MOD_DOC_REF","Código do modelo do documento fiscal referenciado, conforme a Tabela 4.1.1","N","002*","-","","OC","OC"
"C500","35","HASH_DOC_REF","Código de autenticação digital do registro (Convênio 115/2003).","C","32","-","","OC","OC"
"C500","36","SER_DOC_REF","Série do documento fiscal referenciado.","C","004","-","","OC","OC"
"C500","37","NUM_DOC_REF","Número do documento fiscal referenciado.","N","009","-","","OC","OC"
"C500","38","MES_DOC_REF","Mês e ano da emissão do documento fiscal referenciado.","N","006*","-","","OC","OC"
"C500","39","ENER_INJET","Energia injetada","N","-","2","","OC","OC"
"C500","40","OUTRAS_DED","Outras deduções","N","-","2","","OC","OC"
"C510","01","REG","Texto fixo contendo ""C510""","C","004","-","","Não apresentar","O"
"C510","02","NUM_ITEM","Número sequencial do item no documento fiscal","N","003","-","","","O"
"C510","03","COD_ITEM","Código do item (campo 02 do Registro 0200)","C","060","-","","","O"
"C510","04","COD_CLASS","Código de classificação do item de energia elétrica, conforme a Tabela 4.4.1","N","004*","-","","","OC"
"C510","05","QTD","Quantidade do item","N","-","03","","","OC"
"C510","06","UNID","Unidade do item (Campo 02 do registro 0190)","C","006","-","","","OC"
"C510","07","VL_ITEM","Valor do item","N","-","02","","","O"
"C510","08","VL_DESC","Valor total do desconto","N","-","02","","","OC"
"C510","09","CST_ICMS","Código da Situação Tributária, conforme a Tabela indicada no item 4.3.1","N","003*","-","","","O"
"C510","10","CFOP","Código Fiscal de Operação e Prestação","N","004*","-","","","O"
"C510","11","VL_BC_ICMS","Valor da base de cálculo do ICMS","N","-","02","","","OC"
"C510","12","ALIQ_ICMS","Alíquota do ICMS","N","006","02","","","OC"
"C510","13","VL_ICMS","Valor do ICMS creditado/debitado","N","-","02","","","OC"
"C510","14","VL_BC_ICMS_S T","Valor da base de cálculo referente à substituição tributária","N","-","02","","","OC"
"C510","15","ALIQ_ST","Alíquota do ICMS da substituição tributária na unidade da federação de destino","N","006","02","","","OC"
"C510","16","VL_ICMS_ST","Valor do ICMS referente à substituição tributária","N","-","02","","","OC"
"C510","17","IND_REC","Indicador do tipo de receita: 0- Receita própria; 1- Receita de terceiros","C","001*","-","","","O"
"C510","18","COD_PART","Código do participante receptor da receita, terceiro da operação (campo 02 do Registro 0150)","C","060","","","","OC"
"C510","19","VL_PIS","Valor do PIS","N","-","02","","","OC"
"C510","20","VL_COFINS","Valor da COFINS","N","-","02","","","OC"
"C510","21","COD_CTA","Código da conta analítica contábil debitada/creditada","C","-","-","","","OC"
"C590","01","REG","Texto fixo contendo ""C590""","C","004","-","","O","O"
"C590","02","CST_ICMS","Código da Situação Tributária, conforme a Tabela indicada no item 4.3.1.","N","003*","-","","O","O"
"C590","03","CFOP","Código Fiscal de Operação e Prestação do agrupamento de itens","N","004*","-","","O","O"
"C590","04","ALIQ_ICMS","Alíquota do ICMS","N","006","02","","OC","OC"
"C590","05","VL_OPR","Valor da operação correspondente à combinação de CST_ICMS, CFOP, e alíquota do ICMS.","N","-","02","","O","O"
"C590","06","VL_BC_ICMS","Parcela correspondente ao ""Valor da base de cálculo do ICMS"" referente à combinação de CST_ICMS, CFOP e alíquota do ICMS.","N","-","02","","OC","O"
"C590","07","VL_ICMS","Parcela correspondente ao ""Valor do ICMS"" referente à combinação de CST_ICMS, CFOP e alíquota do ICMS.","N","-","02","","OC","O"
"C590","08","VL_BC_ICMS_ST","Parcela correspondente ao ""Valor da base de cálculo do ICMS"" da substituição tributária referente à combinação de CST_ICMS, CFOP e alíquota do ICMS.","N","-","02","","OC","O"
"C590","09","VL_ICMS_ST","Parcela correspondente ao valor creditado/debitado do ICMS da substituição tributária, referente à combinação de CST_ICMS, CFOP, e alíquota do ICMS.","N","-","02","","OC","O"
"C590","10","VL_RED_BC","Valor não tributado em função da redução da base de cálculo do ICMS, referente à combinação de CST_ICMS, CFOP e alíquota do ICMS.","N","-","02","","OC","O"
"C590","11","COD_OBS","Código da observação do lançamento fiscal (campo 02 do Registro 0460)","C","006","-","","OC","OC"
"C591","01","REG","Texto fixo contendo ""C591""","C","004","-","","O","O"
"C591","02","VL_FCP_OP","Valor do Fundo de Combate à Pobreza (FCP) vinculado à operação própria, na combinação de CST_ICMS, CFOP e alíquota do ICMS","N","-","02","","OC","OC"
"C591","03","VL_FCP_ST","Valor do Fundo de Combate à Pobreza (FCP) vinculado à operação de substituição tributária, na combinação de CST_ICMS, CFOP e alíquota do ICMS.","N","-","02","","OC","OC"
"C595","01","REG","Texto fixo contendo ""C595""","C","004","-","","O","O"
"C595","02","COD_OBS","Código da observação do lançamento fiscal (campo 02 do Registro 0460)","C","006","-","","O","O"
"C595","03","TXT_COMPL","Descrição complementar do código de observação.","C","-","-","","OC","OC"
"C597","01","REG","Texto fixo contendo ""C597""","C","004","-","","O","O"
"C597","02","COD_AJ","Código dos ajustes/benefício/incentivo, conforme tabela indicada no item 5.3.","C","010*","-","","O","O"
"C597","03","DESCR_COMPL_AJ","Descrição complementar do ajuste do documento fiscal","C","-","-","","OC","OC"
"C597","04","COD_ITEM","Código do item (campo 02 do Registro 0200)","C","060","-","","OC","OC"
"C597","05","VL_BC_ICMS","Base de cálculo do ICMS ou do ICMS ST","N","-","02","","OC","OC"
"C597","06","ALIQ_ICMS","Alíquota do ICMS","N","006","02","","OC","OC"
"C597","07","VL_ICMS","Valor do ICMS ou do ICMS ST","N","-","02","","OC","OC"
"C597","08","VL_OUTROS","Outros valores","N","-","02","","OC","OC"
"C600","01","REG","Texto fixo contendo ""C600""","C","004","-","","Não apresentar","O"
"C600","02","COD_MOD","Código do modelo do documento fiscal, conforme a Tabela 4.1.1","C","002*","-","","","O"
"C600","03","COD_MUN","Código do município dos pontos de consumo, conforme a tabela IBGE","N","007*","-","","","O"
"C600","04","SER","Série do documento fiscal","C","004","-","","","OC"
"C600","05","SUB","Subsérie do documento fiscal","N","003","-","","","OC"
"C600","06","COD_CONS","- Código de classe de consumo de energia elétrica ou gás: 01 - Comercial 02 - Consumo Próprio 03 - Iluminação Pública 04 - Industrial 05 - Poder Público 06 - Residencial 07 - Rural 08 -Serviço Público. - Código de classe de consumo de Fornecimento D´água – Tabela 4.4.2.","C","002*","-","","","O"
"C600","07","QTD_CONS","Quantidade de documentos consolidados neste registro","N","-","-","","","O"
"C600","08","QTD_CANC","Quantidade de documentos cancelados","N","-","-","","","OC"
"C600","09","DT_DOC","Data dos documentos consolidados","N","008*","-","","","O"
"C600","10","VL_DOC","Valor total dos documentos","N","-","02","","","O"
"C600","11","VL_DESC","Valor acumulado dos descontos","N","-","02","","","OC"
"C600","12","CONS","Consumo total acumulado, em kWh (Código 06)","N","-","-","","","OC"
"C600","13","VL_FORN","Valor acumulado do fornecimento","N","-","02","","","OC"
"C600","14","VL_SERV_NT","Valor acumulado dos serviços não- tributados pelo ICMS","N","-","02","","","OC"
"C600","15","VL_TERC","Valores cobrados em nome de terceiros","N","-","02","","","OC"
"C600","16","VL_DA","Valor acumulado das despesas acessórias","N","-","02","","","OC"
"C600","17","VL_BC_ICMS","Valor acumulado da base de cálculo do ICMS","N","-","02","","","OC"
"C600","18","VL_ICMS","Valor acumulado do ICMS","N","-","02","","","OC"
"C600","19","VL_BC_ICMS_ST","Valor acumulado da base de cálculo do ICMS substituição tributária","N","-","02","","","OC"
"C600","20","VL_ICMS_ST","Valor acumulado do ICMS retido por substituição tributária","N","-","02","","","OC"
"C600","21","VL_PIS","Valor acumulado do PIS","N","-","02","","","OC"
"C600","22","VL_COFINS","Valor acumulado COFINS","N","-","02","","","OC"
"C601","01","REG","Texto fixo contendo ""C601""","C","004","-","","Não apresentar","O"
"C601","02","NUM_DOC_CANC","Número do documento fiscal cancelado","N","009","-","","","O"
"C610","01","REG","Texto fixo contendo “C610”","C","004","-","","Não apresentar","O"
"C610","02","COD_CLASS","Código de classificação do item de energia elétrica, conforme Tabela 4.4.1","N","004*","-","","","OC"
"C610","03","COD_ITEM","Código do item (campo 02 do Registro 0200)","C","060","-","","","O"
"C610","04","QTD","Quantidade acumulada do item","N","-","03","","","O"
"C610","05","UNID","Unidade do item (Campo 02 do registro 0190)","C","006","-","","","O"
"C610","06","VL_ITEM","Valor acumulado do item","N","-","02","","","O"
"C610","07","VL_DESC","Valor acumulado dos descontos","N","-","02","","","OC"
"C610","08","CST_ICMS","Código da Situação Tributária, conforme a Tabela indicada no item 4.3.1","N","003*","-","","","O"
"C610","09","CFOP","Código Fiscal de Operação e Prestação conforme tabela indicada no item 4.2.2.","N","004*","-","","","O"
"C610","10","ALIQ_ICMS","Alíquota do ICMS","N","006","02","","","OC"
"C610","11","VL_BC_ICMS","Valor acumulado da base de cálculo do ICMS","N","-","02","","","OC"
"C610","12","VL_ICMS","Valor acumulado do ICMS debitado","N","-","02","","","OC"
"C610","13","VL_BC_ICMS_ST","Valor da base de cálculo do ICMS substituição tributária","N","-","02","","","OC"
"C610","14","VL_ICMS_ST","Valor do ICMS retido por substituição tributária","N","-","02","","","OC"
"C610","15","VL_PIS","Valor do PIS","N","-","02","","","OC"
"C610","16","VL_COFINS","Valor da COFINS","N","-","02","","","OC"
"C610","17","COD_CTA","Código da conta analítica contábil debitada/creditada","C","-","-","","","OC"
"C690","01","REG","Texto fixo contendo ""C690""","C","004","-","","Não apresentar","O"
"C690","02","CST_ICMS","Código da Situação Tributária, conforme a tabela indicada no item 4.3.1","N","003*","-","","","O"
"C690","03","CFOP","Código Fiscal de Operação e Prestação, conforme a tabela indicada no item 4.2.2","N","004*","-","","","O"
"C690","04","ALIQ_ICMS","Alíquota do ICMS","N","006","2","","","OC"
"C690","05","VL_OPR","Valor da operação correspondente à combinação de CST_ICMS, CFOP, e alíquota do ICMS.","N","-","2","","","O"
"C690","06","VL_BC_ICMS","Parcela correspondente ao ""Valor da base de cálculo do ICMS"" referente à combinação CST_ICMS, CFOP e alíquota do ICMS","N","-","2","","","O"
"C690","07","VL_ICMS","Parcela correspondente ao ""Valor do ICMS"" referente à combinação CST_ICMS, CFOP e alíquota do ICMS","N","-","2","","","O"
"C690","08","VL_RED_BC","Valor não tributado em função da redução da base de cálculo do ICMS, referente à combinação de CST_ICMS, CFOP e alíquota do ICMS.","N","-","02","","","O"
"C690","09","VL_BC_ICMS_ST","Valor da base de cálculo do ICMS substituição tributária","N","-","02","","","O"
"C690","10","VL_ICMS_ST","Valor do ICMS retido por substituição tributária","N","-","02","","","O"
"C690","11","COD_OBS","Código da observação do lançamento fiscal (campo 02 do Registro 0460)","C","006","-","","","OC"
"C700","01","REG","Texto fixo contendo ""C700""","C","004","-","","Não apresentar","O"
"C700","02","COD_MOD","Código do modelo do documento fiscal, conforme a Tabela 4.1.1","C","002*","-","","","O"
"C700","03","SER","Série do documento fiscal","C","004","-","","","OC"
"C700","04","NRO_ORD_INI","Número de ordem inicial","N","009","-","","","O"
"C700","05","NRO_ORD_FIN","Número de ordem final","N","009","-","","","O"
"C700","06","DT_DOC_INI","Data de emissão inicial dos documentos / Data inicial de vencimento da fatura","N","008*","-","","","O"
"C700","07","DT_DOC_FIN","Data de emissão final dos documentos / Data final do vencimento da fatura","N","008*","-","","","O"
"C700","08","NOM_MEST","Nome do arquivo Mestre de Documento Fiscal","C","033","-","","","OC"
"C700","09","CHV_COD_DIG","Chave de codificação digital do arquivo Mestre de Documento Fiscal","C","032","-","","","OC"
"C790","01","REG","Texto fixo contendo ""C790""","C","004","-","","Não Apresentar","O"
"C790","02","CST_ICMS","Código da Situação Tributária, conforme a tabela indicada no item 4.3.1","N","003*","-","","","O"
"C790","03","CFOP","Código Fiscal de Operação e Prestação, conforme a tabela indicada no item 4.2.2","N","004*","-","","","O"
"C790","04","ALIQ_ICMS","Alíquota do ICMS","N","006","02","","","OC"
"C790","05","VL_OPR","Valor da operação correspondente à combinação de CST_ICMS, CFOP, e alíquota do ICMS","N","-","02","","","O"
"C790","06","VL_BC_ICMS","Parcela correspondente ao “Valor da base de cálculo do ICMS” referente à combinação CST_ICMS, CFOP, e alíquota do ICMS","N","-","02","","","O"
"C790","07","VL_ICMS","Parcela correspondente ao “Valor do ICMS” referente à combinação CST_ICMS, CFOP e alíquota do ICMS","N","-","02","","","O"
"C790","08","VL_BC_ICMS_ST","Valor da base de cálculo do ICMS substituição tributária","N","-","02","","","O"
"C790","09","VL_ICMS_ST","Valor do ICMS retido por substituição tributária","N","-","02","","","O"
"C790","10","VL_RED_BC","Valor não tributado em função da redução da base de cálculo do ICMS, referente à combinação de CST_ICMS, CFOP e alíquota do ICMS","N","-","02","","","O"
"C790","11","COD_OBS","Código da observação do lançamento fiscal (campo 02 do Registro 0460)","C","006","-","","","OC"
"C791","01","REG","Texto fixo contendo ""C791""","C","004","-","","Não apresentar","O"
"C791","02","UF","Sigla da unidade da federação a que se refere a retenção ST","C","002*","-","","","O"
"C791","03","VL_BC_ICMS_ST","Valor da base de cálculo do ICMS substituição tributária","N","-","02","","","O"
"C791","04","VL_ICMS_ST","Valor do ICMS retido por substituição tributária","N","-","02","","","O"
"C800","01","REG","Texto fixo contendo ""C800""","C","004","-","","Não Apresentar","O"
"C800","02","COD_MOD","Código do modelo do documento fiscal, conforme a Tabela 4.1.1","C","002","-","","","O"
"C800","03","COD_SIT","Código da situação do documento fiscal, conforme a Tabela 4.1.2","N","002","-","","","O"
"C800","04","NUM_CFE","Número do Cupom Fiscal Eletrônico","N","006","-","","","O"
"C800","05","DT_DOC","Data da emissão do Cupom Fiscal Eletrônico","N","008","-","","","O"
"C800","06","VL_CFE","Valor total do Cupom Fiscal Eletrônico","N","-","02","","","O"
"C800","07","VL_PIS","Valor total do PIS","N","-","02","","","OC"
"C800","08","VL_COFINS","Valor total da COFINS","N","-","02","","","OC"
"C800","09","CNPJ_CPF","CNPJ ou CPF do destinatário","N","14","-","","","OC"
"C800","10","NR_SAT","Número de Série do equipamento SAT","N","009","-","","","O"
"C800","11","CHV_CFE","Chave do Cupom Fiscal Eletrônico","C","044","-","","","O"
"C800","12","VL_DESC","Valor total de descontos","N","-","02","","","O"
"C800","13","VL_MERC","Valor total das mercadorias e serviços","N","-","02","","","O"
"C800","14","VL_OUT_DA","Valor total de outras despesas acessórias e acréscimos","N","-","02","","","O"
"C800","15","VL_ICMS","Valor do ICMS","N","-","02","","","O"
"C800","16","VL_PIS_ST","Valor total do PIS retido por subst. trib.","N","-","02","","","O"
"C800","17","VL_COFINS_ST","Valor total da COFINS retido por subst. trib.","N","-","02","","","O"
"C810","01","REG","Texto fixo contendo ""C810”","C","004","-","","Não apresentar","O"
"C810","02","NUM_ITEM","Número do item no documento fiscal","N","003","-","","","O"
"C810","03","COD_ITEM","Código do item (campo 02 do Registro 0200)","C","060","-","","","O"
"C810","04","QTD","Quantidade do item","N","-","05","","","O"
"C810","05","UNID","Unidade do item (Campo 02 do registro 0190)","C","006","-","","","O"
"C810","06","VL_ITEM","Valor total do item (mercadorias ou serviços)","N","","02","","","O"
"C810","07","CST_ICMS","Código da Situação Tributária referente ao ICMS","N","003*","-","","","O"
"C810","08","CFOP","Código Fiscal de Operação e Prestação","N","004*","-","","","O"
"C815","01","REG","Texto fixo contendo ""C815”","C","004","-","","Não apresentar","O"
"C815","02","COD_MOT_REST_COMPL","Código do motivo da restituição ou complementação conforme Tabela 5.7","C","005*","-","","","O"
"C815","03","QUANT_CONV","Quantidade do item","N","-","06","","","O"
"C815","04","UNID","Unidade adotada para informar o campo QUANT_CONV.","C","006","-","","","O"
"C815","05","VL_UNIT_CONV","Valor unitário da mercadoria, considerando a unidade utilizada para informar o campo “QUANT_CONV”.","N","-","06","","","O"
"C815","06","VL_UNIT_ICMS_NA_OPE RACAO_CONV","Valor unitário para o ICMS na operação, caso não houvesse a ST, considerando unidade utilizada para informar o campo “QUANT_CONV”, aplicando-se a mesma redução da base de cálculo do ICMS ST na tributação, se houver.","N","-","06","","","OC"
"C815","07","VL_UNIT_ICMS_OP_CON V","Valor unitário do ICMS OP calculado conforme a legislação de cada UF, considerando a unidade utilizada para informar o campo “QUANT_CONV”, utilizado para cálculo de ressarcimento/restituição de ST, no desfazimento da substituição tributária, quando se utiliza a fórmula descrita nas instruções de preenchimento do campo 11, no item a1).","N","-","06","","","OC"
"C815","08","VL_UNIT_ICMS_OP_EST OQUE_CONV","Valor médio unitário do ICMS que o contribuinte teria se creditado referente à operação de entrada das mercadorias em estoque caso estivesse submetida ao regime comum de tributação, calculado conforme a legislação de cada UF, considerando a unidade utilizada para informar o campo “QUANT_CONV”","N","-","06","","","OC"
"C815","09","VL_UNIT_ICMS_ST_ESTO QUE_CONV","Valor médio unitário do ICMS ST, incluindo FCP ST, das mercadorias em estoque, considerando unidade utilizada para informar o campo “QUANT_CONV”.","N","-","06","","","OC"
"C815","10","VL_UNIT_FCP_ICMS_ST_ESTOQUE_CONV","Valor médio unitário do FCP ST agregado ao ICMS das mercadorias em estoque, considerando unidade utilizada para informar o campo “QUANT_CONV”.","N","-","06","","","OC"
"C815","11","VL_UNIT_ICMS_ST_CONV_REST","Valor unitário do total do ICMS ST, incluindo FCP ST, a ser restituído/ressarcido, calculado conforme a legislação de cada UF, considerando a unidade utilizada para informar o campo “QUANT_CONV”.","N","-","06","","","OC"
"C815","12","VL_UNIT_FCP_ST_CONV_REST","Valor unitário correspondente à parcela de ICMS FCP ST que compõe o campo “VL_UNIT_ICMS_ST_CONV_REST”, considerando a unidade utilizada para informar o campo “QUANT_CONV”.","N","-","06","","","OC"
"C815","13","VL_UNIT_ICMS_ST_CONV_COMPL","Valor unitário do complemento do ICMS, incluindo FCP ST, considerando a unidade utilizada para informar o campo “QUANT_CONV”.","N","-","06","","","OC"
"C815","14","VL_UNIT_FCP_ST_CONV_COMPL","Valor unitário correspondente à parcela de ICMS FCP ST que compõe o campo “VL_UNIT_ICMS_ST_CONV_COMPL”, considerando unidade utilizada para informar o campo “QUANT_CONV”.","N","-","06","","","OC"
"C850","01","REG","Texto fixo contendo ""C850""","C","004","-","","Não apresentar","O"
"C850","02","CST_ICMS","Código da Situação Tributária, conforme a Tabela indicada no item 4.3.1","N","003","-","","","O"
"C850","03","CFOP","Código Fiscal de Operação e Prestação do agrupamento de itens","N","004","-","","","O"
"C850","04","ALIQ_ICMS","Alíquota do ICMS","N","006","02","","","OC"
"C850","05","VL_OPR","“Valor total do CF-e” na combinação de CST_ICMS, CFOP e alíquota do ICMS, correspondente ao somatório do valor líquido dos itens.","N","-","02","","","O"
"C850","06","VL_BC_ICMS","Valor acumulado da base de cálculo do ICMS, referente à combinação de CST_ICMS, CFOP, e alíquota do ICMS.","N","-","2","","","O"
"C850","07","VL_ICMS","Parcela correspondente ao “Valor do ICMS” referente à combinação de CST_ICMS, CFOP e alíquota do ICMS.","N","-","02","","","O"
"C850","08","COD_OBS","Código da observação do lançamento fiscal (campo 02 do registro 0460)","C","006","-","","","OC"
"C855","01","REG","Texto fixo contendo ""C855""","C","004","-","","O","O"
"C855","02","COD_OBS","Código da observação do lançamento fiscal (campo 02 do Registro 0460)","C","006","-","","O","O"
"C855","03","TXT_COMPL","Descrição complementar do código de observação.","C","-","-","","OC","OC"
"C857","01","REG","Texto fixo contendo ""C857""","C","004","-","","O","O"
"C857","02","COD_AJ","Código do ajustes/benefício/incentivo, conforme tabela indicada no item 5.3.","C","010*","-","","O","O"
"C857","03","DESCR_COMPL_AJ","Descrição complementar do ajuste do documento fiscal","C","-","-","","OC","OC"
"C857","04","COD_ITEM","Código do item (campo 02 do Registro 0200)","C","060","-","","OC","OC"
"C857","05","VL_BC_ICMS","Base de cálculo do ICMS ou do ICMS ST","N","-","02","","OC","OC"
"C857","06","ALIQ_ICMS","Alíquota do ICMS","N","006","02","","OC","OC"
"C857","07","VL_ICMS","Valor do ICMS ou do ICMS ST","N","-","02","","OC","OC"
"C857","08","VL_OUTROS","Outros valores","N","-","02","","OC","OC"
"C860","01","REG","Texto fixo contendo ""C860""","C","004","-","","Não Apresentar","O"
"C860","02","COD_MOD","Código do modelo do documento fiscal, conforme a Tabela 4.1.1","C","002","-","","","O"
"C860","03","NR_SAT","Número de Série do equipamento SAT","N","009","-","","","O"
"C860","04","DT_DOC","Data de emissão dos documentos fiscais","N","008","-","","","O"
"C860","05","DOC_INI","Número do documento inicial","N","006","-","","","O"
"C860","06","DOC_FIM","Número do documento final","N","006","-","","","O"
"C870","01","REG","Texto fixo contendo ""C870”","C","004","-","","Não apresentar","O"
"C870","02","COD_ITEM","Código do item (campo 02 do Registro 0200)","C","060","-","","","O"
"C870","03","QTD","Quantidade do item","N","-","05","","","O"
"C870","04","UNID","Unidade do item (Campo 02 do registro 0190)","C","006","-","","","O"
"C870","05","CST_ICMS","Código da Situação Tributária referente ao ICMS","N","003*","-","","","O"
"C870","06","CFOP","Código Fiscal de Operação e Prestação","N","004*","-","","","O"
"C880","01","REG","Texto fixo contendo ""C880”","C","004","-","","Não apresentar","O"
"C880","02","COD_MOT_REST_COMPL","Código do motivo da restituição ou complementação conforme Tabela 5.7","C","005*","-","","","O"
"C880","03","QUANT_CONV","Quantidade do item","N","-","06","","","O"
"C880","04","UNID","Unidade adotada para informar o campo QUANT_CONV.","C","006","-","","","O"
"C880","05","VL_UNIT_CONV","Valor unitário da mercadoria, considerando a unidade utilizada para informar o campo “QUANT_CONV”.","N","-","03","","","O"
"C880","06","VL_UNIT_ICMS_NA_OPE RACAO_CONV","Valor unitário para o ICMS na operação, caso não houvesse a ST, considerando unidade utilizada para informar o campo “QUANT_CONV”, aplicando-se a mesma redução da base de cálculo do ICMS ST na tributação, se houver.","N","-","03","","","OC"
"C880","07","VL_UNIT_ICMS_OP_CON V","Valor unitário do ICMS OP calculado conforme a legislação de cada UF, considerando a unidade utilizada para informar o campo “QUANT_CONV”, utilizado para cálculo de ressarcimento/restituição de ST, no desfazimento da substituição tributária, quando se utiliza a fórmula descrita nas instruções de preenchimento do campo 11, no item a1).","N","-","03","","","OC"
"C880","08","VL_UNIT_ICMS_OP_EST OQUE_CONV","Valor médio unitário do ICMS que o contribuinte teria se creditado referente à operação de entrada das mercadorias em estoque caso estivesse submetida ao regime comum de tributação, calculado conforme a legislação de cada UF, considerando a unidade utilizada para informar o campo “QUANT_CONV”","N","-","03","","","OC"
"C880","09","VL_UNIT_ICMS_ST_EST OQUE_CONV","Valor médio unitário do ICMS ST, incluindo FCP ST, das mercadorias em estoque, considerando unidade utilizada para informar o campo “QUANT_CONV”.","N","-","03","","","OC"
"C880","10","VL_UNIT_FCP_ICMS_ST_ESTOQUE_CONV","Valor médio unitário do FCP ST agregado ao ICMS das mercadorias em estoque, considerando unidade utilizada para informar o campo “QUANT_CONV”.","N","-","03","","","OC"
"C880","11","VL_UNIT_ICMS_ST_CONV_REST","Valor unitário do total do ICMS ST, incluindo FCP ST, a ser restituído/ressarcido, calculado conforme a legislação de cada UF, considerando a unidade utilizada para informar o campo “QUANT_CONV”.","N","-","03","","","OC"
"C880","12","VL_UNIT_FCP_ST_CONV_REST","Valor unitário correspondente à parcela de ICMS FCP ST que compõe o campo “VL_UNIT_ICMS_ST_CONV_REST”, considerando a unidade utilizada para informar o campo “QUANT_CONV”.","N","-","03","","","OC"
"C880","13","VL_UNIT_ICMS_ST_CONV_COMPL","Valor unitário do complemento do ICMS, incluindo FCP ST, considerando a unidade utilizada para informar o campo “QUANT_CONV”.","N","-","03","","","OC"
"C880","14","VL_UNIT_FCP_ST_CONV_COMPL","Valor unitário correspondente à parcela de ICMS FCP ST que compõe o campo “VL_UNIT_ICMS_ST_CONV_COMPL”, considerando unidade utilizada para informar o campo “QUANT_CONV”.","N","-","03","","","OC"
"C890","01","REG","Texto fixo contendo ""C890""","C","004","-","","Não apresentar","O"
"C890","02","CST_ICMS","Código da Situação Tributária, conforme a Tabela indicada no item 4.3.1","N","003","-","","","O"
"C890","03","CFOP","Código Fiscal de Operação e Prestação do agrupamento de itens","N","004","-","","","O"
"C890","04","ALIQ_ICMS","Alíquota do ICMS","N","006","02","","","OC"
"C890","05","VL_OPR","“Valor total do CF-e” na combinação de CST_ICMS, CFOP e ALÍQUOTA DO ICMS, correspondente ao somatório do valor líquido dos itens.","N","-","02","","","O"
"C890","06","VL_BC_ICMS","Valor acumulado da base de cálculo do ICMS, referente à combinação de CST_ICMS, CFOP e ALÍQUOTA DO ICMS.","N","-","02","","","O"
"C890","07","VL_ICMS","Parcela correspondente ao ""Valor do ICMS"" referente à combinação de CST_ICMS, CFOP e alíquota do ICMS.","N","-","02","","","O"
"C890","08","COD_OBS","Código da observação do lançamento fiscal (campo 02 do registro 0460)","C","006","-","","","OC"
"C895","01","REG","Texto fixo contendo ""C895""","C","004","-","","O","O"
"C895","02","COD_OBS","Código da observação do lançamento fiscal (campo 02 do Registro 0460)","C","006","-","","O","O"
"C895","03","TXT_COMPL","Descrição complementar do código de observação.","C","-","-","","OC","OC"
"C897","01","REG","Texto fixo contendo ""C897""","C","004","-","","O","O"
"C897","02","COD_AJ","Código do ajustes/benefício/incentivo, conforme tabela indicada no item 5.3.","C","010*","-","","O","O"
"C897","03","DESCR_COMPL_AJ","Descrição complementar do ajuste do documento fiscal","C","-","-","","OC","OC"
"C897","04","COD_ITEM","Código do item (campo 02 do Registro 0200)","C","060","-","","OC","OC"
"C897","05","VL_BC_ICMS","Base de cálculo do ICMS ou do ICMS ST","N","-","02","","OC","OC"
"C897","06","ALIQ_ICMS","Alíquota do ICMS","N","006","02","","OC","OC"
"C897","07","VL_ICMS","Valor do ICMS ou do ICMS ST","N","-","02","","OC","OC"
"C897","08","VL_OUTROS","Outros valores","N","-","02","","OC","OC"
"C990","01","REG","Texto fixo contendo ""C990""","C","004","-","","O","O"
"C990","02","QTD_LIN_C","Quantidade total de linhas do Bloco C","N","-","-","","O","O"
"D001","01","REG","Texto fixo contendo ""D001""","C","004","-","O","",""
"D001","02","IND_MOV","Indicador de movimento: 0 - Bloco com dados informados; 1 - Bloco sem dados informados","C","001","-","O","",""
"D100","01","REG","Texto fixo contendo ""D100""","C","004","-","","O","O"
"D100","02","IND_OPER","Indicador do tipo de operação: 0 - Aquisição; 1 - Prestação","C","001*","-","","O","O"
"D100","03","IND_EMIT","Indicador do emitente do documento fiscal: 0 - Emissão própria; 1 - Terceiros","C","001*","-","","O","O"
"D100","04","COD_PART","Código do participante (campo 02 do Registro 0150): - do prestador de serviço, no caso de aquisição de serviço; - do tomador do serviço, no caso de prestação de serviços.","C","060","-","","O","O"
"D100","05","COD_MOD","Código do modelo do documento fiscal, conforme a Tabela 4.1.1","C","002*","-","","O","O"
"D100","06","COD_SIT","Código da situação do documento fiscal, conforme a Tabela 4.1.2","N","002*","-","","O","O"
"D100","07","SER","Série do documento fiscal","C","004","-","","OC","OC"
"D100","08","SUB","Subsérie do documento fiscal","C","003","-","","OC","OC"
"D100","09","NUM_DOC","Número do documento fiscal","N","009","-","","O","O"
"D100","10","CHV_CTE","Chave do Conhecimento de Transporte Eletrônico ou do Bilhete de Passagem Eletrônico","C","044*","-","","OC","OC"
"D100","11","DT_DOC","Data da emissão do documento fiscal","N","008*","-","","O","O"
"D100","12","DT_A_P","Data da aquisição ou da prestação do serviço","N","008*","-","","O","OC"
"D100","13","TP_CT-e","Tipo de Conhecimento de Transporte Eletrônico conforme definido no Manual de Integração do CT-e ou do Bilhete de Passagem Eletrônico conforme definido no Manual de Integração do BP-e","N","001*","-","","OC","OC"
"D100","14","CHV_CTE_REF","Chave do Documento Eletrônico Substituído","C","044*","-","","OC","OC"
"D100","15","VL_DOC","Valor total do documento fiscal","N","-","02","","O","O"
"D100","16","VL_DESC","Valor total do desconto","N","-","02","","OC","OC"
"D100","17","IND_FRT","Indicador do tipo do frete: 0- Por conta do emitente; 1- Por conta do destinatário/remetente; 2- Por conta de terceiros; 9- Sem cobrança de frete.","C","001*","-","","O","OC"
"D100","18","VL_SERV","Valor total da prestação de serviço","N","-","02","","O","O"
"D100","19","VL_BC_ICMS","Valor da base de cálculo do ICMS","N","-","02","","OC","OC"
"D100","20","VL_ICMS","Valor do ICMS","N","-","02","","OC","OC"
"D100","21","VL_NT","Valor não-tributado","N","-","02","","OC","OC"
"D100","22","COD_INF","Código da informação complementar do documento fiscal (campo 02 do Registro 0450)","C","006","-","","OC","OC"
"D100","23","COD_CTA","Código da conta analítica contábil debitada/creditada","C","-","-","","OC","OC"
"D100","24","COD_MUN_ORIG","Código do município de origem do serviço, conforme a tabela IBGE (Preencher com 9999999, se Exterior)","N","007*","-","","OC","O"
"D100","25","COD_MUN_DEST","Código do município de destino, conforme a tabela IBGE (Preencher com 9999999, se Exterior)","N","007*","-","","OC","O"
"D101","01","REG","Texto fixo contendo ""D101""","C","004","-","","O","O"
"D101","02","VL_FCP_UF_DEST","Valor total relativo ao Fundo de Combate à Pobreza (FCP) da UF de destino","N","-","02","","O","O"
"D101","03","VL_ICMS_UF_DES T","Valor total do ICMS Interestadual para a UF de destino","N","-","02","","O","O"
"D101","04","VL_ICMS_UF_REM","Valor total do ICMS Interestadual para a UF do remetente","N","-","02","","O","O"
"D110","01","REG","Texto fixo contendo ""D110""","C","004","-","","Não Apresentar","O"
"D110","02","NUM_ITEM","Número sequencial do item no documento fiscal","N","003","-","","","O"
"D110","03","COD_ITEM","Código do item (campo 02 do Registro 0200)","C","060","-","","","O"
"D110","04","VL_SERV","Valor do serviço","N","-","02","","","O"
"D110","05","VL_OUT","Outros valores","N","-","02","","","OC"
"D120","01","REG","Texto fixo contendo ""D120""","C","004","-","","Não apresentar","O"
"D120","02","COD_MUN_ORIG","Código do município de origem do serviço, conforme a tabela IBGE (Preencher com 9999999, se Exterior)","N","007*","-","","","O"
"D120","03","COD_MUN_DEST","Código do município de destino, conforme a tabela IBGE (Preencher com 9999999, se Exterior)","N","007*","-","","","O"
"D120","04","VEIC_ID","Placa de identificação do veículo","C","007","-","","","OC"
"D120","05","UF_ID","Sigla da UF da placa do veículo","C","002","-","","","OC"
"D130","01","REG","Texto fixo contendo ""D130""","C","004","-","","Não apresentar","O"
"D130","02","COD_PART_CONSG","Código do participante (campo 02 do Registro 0150): - consignatário, se houver","C","060","-","","","OC"
"D130","03","COD_PART_RED","Código do participante (campo 02 do Registro 0150): - redespachado, se houver","C","060","-","","","OC"
"D130","04","IND_FRT_RED","Indicador do tipo do frete da operação de redespacho: 0 – Sem redespacho; 1 - Por conta do emitente; 2 - Por conta do destinatário; 9 – Outros.","C","001*","-","","","O"
"D130","05","COD_MUN_ORIG","Código do município de origem do serviço, conforme a tabela","N","007*","-","","","O"
"D130","06","COD_MUN_DEST","Código do município de destino, conforme a tabela IBGE(Preencher com 9999999, se Exterior)","N","007*","-","","","O"
"D130","07","VEIC_ID","Placa de identificação do veículo","C","007","-","","","OC"
"D130","08","VL_LIQ_FRT","Valor líquido do frete","N","-","02","","","O"
"D130","09","VL_SEC_CAT","Soma de valores de Sec/Cat (serviços de coleta/custo adicional de transporte)","N","-","02","","","OC"
"D130","10","VL_DESP","Soma de valores de despacho","N","-","02","","","OC"
"D130","11","VL_PEDG","Soma dos valores de pedágio","N","-","02","","","OC"
"D130","12","VL_OUT","Outros valores","N","-","02","","","OC"
"D130","13","VL_FRT","Valor total do frete","N","-","02","","","O"
"D130","14","UF_ID","Sigla da UF da placa do veículo","C","002","-","","","OC"
"D140","01","REG","Texto fixo contendo ""D140""","C","004","-","","Não apresentar","O"
"D140","02","COD_PART_CONSG","Código do participante (campo 02 do Registro 0150): - consignatário, se houver","C","060","-","","","OC"
"D140","03","COD_MUN_ORIG","Código do município de origem do serviço, conforme a tabela IBGE(Preencher com 9999999, se Exterior)","N","007*","-","","","O"
"D140","04","COD_MUN_DEST","Código do município de destino, conforme a tabela IBGE(Preencher com 9999999, se Exterior)","N","007*","-","","","O"
"D140","05","IND_VEIC","Indicador do tipo do veículo transportador: 0- Embarcação; 1- Empurrador/rebocador","C","001*","-","","","O"
"D140","06","VEIC_ID","Identificação da embarcação (IRIM ou Registro CPP)","C","-","-","","","OC"
"D140","07","IND_NAV","Indicador do tipo da navegação: 0- Interior; 1- Cabotagem","C","001*","-","","","O"
"D140","08","VIAGEM","Número da viagem","N","-","-","","","OC"
"D140","09","VL_FRT_LIQ","Valor líquido do frete","N","-","02","","","O"
"D140","10","VL_DESP_PORT","Valor das despesas portuárias","N","-","02","","","OC"
"D140","11","VL_DESP_CAR_DE SC","Valor das despesas com carga e descarga","N","-","02","","","OC"
"D140","12","VL_OUT","Outros valores","N","-","02","","","OC"
"D140","13","VL_FRT_BRT","Valor bruto do frete","N","-","02","","","O"
"D140","14","VL_FRT_MM","Valor adicional do frete para renovação da Marinha Mercante","N","-","02","","","OC"
"D150","01","REG","Texto fixo contendo ""D150""","C","004","-","","Não apresentar","O"
"D150","02","COD_MUN_ORIG","Código do município de origem do serviço, conforme a tabela IBGE (Preencher com 9999999, se Exterior)","N","007*","-","","","O"
"D150","03","COD_MUN_DEST","Código do município de destino, conforme a tabela IBGE (Preencher com 9999999, se Exterior)","N","007*","-","","","O"
"D150","04","VEIC_ID","Identificação da aeronave (DAC)","C","-","-","","","OC"
"D150","05","VIAGEM","Número do vôo.","N","-","-","","","OC"
"D150","06","IND_TFA","Indicador do tipo de tarifa aplicada: 0- Exp.; 1- Enc.; 2- C.I.; 9- Outra","C","001*","-","","","O"
"D150","07","VL_PESO_TX","Peso taxado","N","-","02","","","O"
"D150","08","VL_TX_TERR","Valor da taxa terrestre","N","-","02","","","OC"
"D150","09","VL_TX_RED","Valor da taxa de redespacho","N","-","02","","","OC"
"D150","10","VL_OUT","Outros valores","N","-","02","","","OC"
"D150","11","VL_TX_ADV","Valor da taxa ""ad valorem""","N","-","02","","","OC"
"D160","01","REG","Texto fixo contendo ""D160""","C","004","-","","Não apresentar","O"
"D160","02","DESPACHO","Identificação do número do despacho","C","-","-","","","OC"
"D160","03","CNPJ_CPF_REM","CNPJ ou CPF do remetente das mercadorias que constam na nota fiscal.","N","014","-","","","OC"
"D160","04","IE_REM","Inscrição Estadual do remetente das mercadorias que constam na nota fiscal.","C","014","-","","","OC"
"D160","05","COD_MUN_ORI","Código do Município de origem, conforme tabela IBGE (Preencher com 9999999, se exterior)","N","007*","-","","","O"
"D160","06","CNPJ_CPF_DEST","CNPJ ou CPF do destinatário das mercadorias que constam na nota fiscal.","N","014","-","","","OC"
"D160","07","IE_DEST","Inscrição Estadual do destinatário das mercadorias que constam na nota fiscal.","C","014","-","","","OC"
"D160","08","COD_MUN_DEST","Código do Município de destino, conforme tabela IBGE (Preencher com 9999999, se Exterior)","N","007*","-","","","O"
"D161","01","REG","Texto fixo contendo ""D161""","C","004","-","","Não apresentar","O"
"D161","02","IND_CARGA","Indicador do tipo de transporte da carga coletada: 0-Rodoviário 1-Ferroviário 2-Rodo-Ferroviário 3-Aquaviário 4-Dutoviário 5-Aéreo 9-Outros","N","001*","-","","","O"
"D161","03","CNPJ_CPF_COL","Número do CNPJ ou CPF do local da coleta","C","014","-","","","OC"
"D161","04","IE_COL","Inscrição Estadual do contribuinte do local de coleta","C","014","-","","","OC"
"D161","05","COD_MUN_COL","Código do Município do local de coleta, conforme tabela IBGE (Preencher com 9999999, se Exterior)","N","007*","-","","","O"
"D161","06","CNPJ_CPF_ENTG","Número do CNPJ ou CPF do local da entrega","C","014","-","","","OC"
"D161","07","IE_ENTG","Inscrição Estadual do contribuinte do local de entrega","C","014","-","","","OC"
"D161","08","COD_MUN_ENTG","Código do Município do local de entrega, conforme tabela IBGE (Preencher com 9999999, se Exterior)","N","007*","-","","","O"
"D162","01","REG","Texto fixo contendo ""D162""","C","004","-","","Não apresentar","O"
"D162","02","COD_MOD","Código do modelo do documento fiscal, conforme a Tabela 4.1.1","C","002*","-","","","OC"
"D162","03","SER","Série do documento fiscal","C","004","-","","","OC"
"D162","04","NUM_DOC","Número do documento fiscal","N","009","-","","","O"
"D162","05","DT_DOC","Data da emissão do documento fiscal","N","008*","-","","","OC"
"D162","06","VL_DOC","Valor total do documento fiscal","N","-","02","","","OC"
"D162","07","VL_MERC","Valor das mercadorias constantes no documento fiscal","N","-","02","","","OC"
"D162","08","QTD_VOL","Quantidade de volumes transportados","N","-","-","","","O"
"D162","09","PESO_BRT","Peso bruto dos volumes transportados (em kg)","N","-","02","","","OC"
"D162","10","PESO_LIQ","Peso líquido dos volumes transportados (em kg)","N","-","02","","","OC"
"D170","01","REG","Texto fixo contendo ""D170""","C","004","-","","Não apresentar","O"
"D170","02","COD_PART_CONSG","Código do participante (campo 02 do Registro 0150): - consignatário, se houver","C","060","-","","","OC"
"D170","03","COD_PART_RED","Código do participante (campo 02 do Registro 0150): - redespachante, se houver","C","060","-","","","OC"
"D170","04","COD_MUN_ORIG","Código do município de origem do serviço, conforme a tabela IBGE(Preencher com 9999999, se Exterior)","N","007*","-","","","O"
"D170","05","COD_MUN_DEST","Código do município de destino, conforme a tabela IBGE(Preencher com 9999999, se Exterior)","N","007*","-","","","O"
"D170","06","OTM","Registro do operador de transporte multimodal","C","-","-","","","O"
"D170","07","IND_NAT_FRT","Indicador da natureza do frete: 0- Negociável; 1- Não negociável","C","001*","-","","","O"
"D170","08","VL_LIQ_FRT","Valor líquido do frete","N","-","02","","","O"
"D170","09","VL_GRIS","Valor do gris (gerenciamento de risco)","N","-","02","","","OC"
"D170","10","VL_PDG","Somatório dos valores de pedágio","N","-","02","","","OC"
"D170","11","VL_OUT","Outros valores","N","-","02","","","OC"
"D170","12","VL_FRT","Valor total do frete","N","-","02","","","O"
"D170","13","VEIC_ID","Placa de identificação do veículo","C","007","-","","","OC"
"D170","14","UF_ID","Sigla da UF da placa do veículo","C","002","-","","","OC"
"D180","01","REG","Texto fixo contendo ""D180""","C","004","-","","Não apresentar","O"
"D180","02","NUM_SEQ","Número de ordem sequencial do modal","N","-","-","","","O"
"D180","03","IND_EMIT","Indicador do emitente do documento fiscal: 0 - Emissão própria; 1 - Terceiros","C","001*","-","","","O"
"D180","04","CNPJ_CPF_EMIT CNPJ","ou CPF do participante emitente do modal","N","014","-","","","O"
"D180","05","UF_EMIT","Sigla da unidade da federação do participante emitente do modal","C","002*","-","","","O"
"D180","06","IE_EMIT","Inscrição Estadual do participante emitente do modal","C","014","-","","","OC"
"D180","07","COD_MUN_ORIG","Código do município de origem do serviço, conforme a tabela IBGE(Preencher com 9999999, se Exterior)","N","007*","-","","","O"
"D180","08","CNPJ_CPF_TOM","CNPJ/CPF do participante tomador do serviço","N","014","-","","","O"
"D180","09","UF_TOM","Sigla da unidade da federação do participante tomador do serviço","C","002*","-","","","O"
"D180","10","IE_TOM","Inscrição Estadual do participante tomador do serviço","C","014","-","","","OC"
"D180","11","COD_MUN_DEST","Código do município de destino, conforme a tabela IBGE(Preencher com 9999999, se Exterior)","N","007*","-","","","O"
"D180","12","COD_MOD","Código do modelo do documento fiscal, conforme a Tabela 4.1.1","C","002*","-","","","O"
"D180","13","SER","Série do documento fiscal","C","004","-","","","O"
"D180","14","SUB","Subsérie do documento fiscal","N","003","-","","","OC"
"D180","15","NUM_DOC","Número do documento fiscal","N","009","-","","","O"
"D180","16","DT_DOC","Data da emissão do documento fiscal","N","008*","-","","","O"
"D180","17","VL_DOC","Valor total do documento fiscal","N","-","02","","","O"
"D190","01","REG","Texto fixo contendo ""D190""","C","004","-","","O","O"
"D190","02","CST_ICMS","Código da Situação Tributária, conforme a tabela indicada no item 4.3.1","N","003*","-","","O","O"
"D190","03","CFOP","Código Fiscal de Operação e Prestação, conforme a tabela indicada no item 4.2.2","N","004*","-","","O","O"
"D190","04","ALIQ_ICMS","Alíquota do ICMS","N","006","02","","OC","OC"
"D190","05","VL_OPR","Valor da operação correspondente à combinação de CST_ICMS, CFOP, e alíquota do ICMS.","N","-","02","","O","O"
"D190","06","VL_BC_ICMS","Parcela correspondente ao ""Valor da base de cálculo do ICMS"" referente à combinação CST_ICMS, CFOP, e alíquota do ICMS","N","-","02","","O","O"
"D190","07","VL_ICMS","Parcela correspondente ao ""Valor do ICMS"" referente à combinação CST_ICMS, CFOP e alíquota do ICMS","N","-","02","","O","O"
"D190","08","VL_RED_BC","Valor não tributado em função da redução da base de cálculo do ICMS, referente à combinação de CST_ICMS, CFOP e alíquota do ICMS.","N","-","02","","O","O"
"D190","09","COD_OBS","Código da observação do lançamento fiscal (campo 02 do Registro 0460)","C","006","-","","OC","OC"
"D195","01","REG","Texto fixo contendo “D195”","C","004","-","","O","O"
"D195","02","COD_OBS","Código da observação do lançamento fiscal (campo 02 do Registro 0460)","C","006","-","","O","O"
"D195","03","TXT_COMPL","Descrição complementar do código de observação.","C","-","-","","OC","OC"
"D197","01","REG","Texto fixo contendo “D197”","C","004","-","","O","O"
"D197","02","COD_AJ","Código do ajustes/benefício/incentivo, conforme tabela indicada no item 5.3.","C","010*","-","","O","O"
"D197","03","DESCR_COMPL_AJ","Descrição complementar do ajuste do documento fiscal","C","-","-","","OC","OC"
"D197","04","COD_ITEM","Código do item (campo 02 do Registro 0200)","C","060","-","","OC","OC"
"D197","05","VL_BC_ICMS","Base de cálculo do ICMS ou do ICMS ST","N","-","02","","OC","OC"
"D197","06","ALIQ_ICMS","Alíquota do ICMS","N","006","02","","OC","OC"
"D197","07","VL_ICMS","Valor do ICMS ou do ICMS ST","N","-","02","","OC","OC"
"D197","08","VL_OUTROS","Outros valores","N","-","02","","OC","OC"
"D300","01","REG","Texto fixo contendo ""D300""","C","004","-","","Não apresentar","O"
"D300","02","COD_MOD","Código do modelo do documento fiscal, conforme a Tabela 4.1.1","C","002*","-","","","O"
"D300","03","SER","Série do documento fiscal","C","004","-","","","O"
"D300","04","SUB","Subsérie do documento fiscal","N","004","-","","","OC"
"D300","05","NUM_DOC_INI","Número do primeiro documento fiscal emitido (mesmo modelo, série e subsérie)","N","006","-","","","O"
"D300","06","NUM_DOC_FI N","Número do último documento fiscal emitido (mesmo modelo, série e subsérie)","N","-","-","","","O"
"D300","07","CST_ICMS","Código da Situação Tributária, conforme a Tabela indicada no item 4.3.1","N","003*","-","","","O"
"D300","08","CFOP","Código Fiscal de Operação e Prestação conforme tabela indicada no item 4.2.2","N","004*","-","","","O"
"D300","09","ALIQ_ICMS","Alíquota do ICMS","N","006","02","","","OC"
"D300","10","DT_DOC","Data da emissão dos documentos fiscais","N","008*","-","","","O"
"D300","11","VL_OPR","Valor total acumulado das operações correspondentes à combinação de CST_ICMS, CFOP e alíquota do ICMS, incluídas as despesas acessórias e acréscimos.","N","-","02","","","O"
"D300","12","VL_DESC","Valor total dos descontos","N","-","02","","","OC"
"D300","13","VL_SERV","Valor total da prestação de serviço","N","-","02","","","O"
"D300","14","VL_SEG","Valor de seguro","N","-","02","","","OC"
"D300","15","VL_OUT DESP","Valor de outras despesas","N","-","02","","","OC"
"D300","16","VL_BC_ICMS","Valor total da base de cálculo do ICMS","N","-","02","","","O"
"D300","17","VL_ICMS","Valor total do ICMS","N","-","02","","","O"
"D300","18","VL_RED_BC","Valor não tributado em função da redução da base de cálculo do ICMS, referente à combinação de CST_ICMS, CFOP e alíquota do ICMS.","N","-","02","","","O"
"D300","19","COD_OBS","Código da observação do lançamento fiscal (campo 02 do Registro 0460)","C","006","-","","","OC"
"D300","20","COD_CTA","Código da conta analítica contábil debitada/creditada","C","-","-","","","OC"
"D301","01","REG","Texto fixo contendo ""D301""","C","004","-","","Não apresentar","O"
"D301","02","NUM_DOC_CANC","Número do documento fiscal cancelado","N","-","-","","","O"
"D310","01","REG","Texto fixo contendo ""D310""","C","004","-","","Não apresentar","O"
"D310","02","COD_MUN_ORIG","Código do município de origem do serviço, conforme a tabela IBGE","N","007*","-","","","O"
"D310","03","VL_SERV","Valor total da prestação de serviço","N","-","02","","","O"
"D310","04","VL_BC_ICMS","Valor total da base de cálculo do ICMS","N","-","02","","","OC"
"D310","05","VL_ICMS","Valor total do ICMS","N","-","02","","","OC"
"D350","01","REG","Texto fixo contendo ""D350""","C","004","-","","Não apresentar","O"
"D350","02","COD_MOD","Código do modelo do documento fiscal, conforme a Tabela 4.1.1","C","002*","-","","","O"
"D350","03","ECF_MOD","Modelo do equipamento","C","020","-","","","O"
"D350","04","ECF_FAB","Número de série de fabricação do ECF","C","021","-","","","O"
"D350","05","ECF_CX","Número do caixa atribuído ao ECF","N","003","-","","","O"
"D355","01","REG","Texto fixo contendo ""D355""","C","004","-","","Não apresentar","O"
"D355","02","DT_DOC","Data do movimento a que se refere a Redução Z","N","008*","-","","","O"
"D355","03","CRO","Posição do Contador de Reinício de Operação","N","003","-","","","O"
"D355","04","CRZ","Posição do Contador de Redução Z","N","006","-","","","O"
"D355","05","NUM_COO_FIN","Número do Contador de Ordem de Operação do último documento emitido no dia. (Número do COO na Redução Z)","N","009","-","","","O"
"D355","06","GT_FIN","Valor do Grande Total final","N","-","02","","","O"
"D355","07","VL_BRT","Valor da venda bruta","N","-","02","","","O"
"D360","01","REG","Texto fixo contendo ""D360""","C","004","-","","Não apresentar","O"
"D360","02","VL_PIS","Valor total do PIS","N","-","02","","","OC"
"D360","03","VL_COFINS","Valor total da COFINS","N","-","02","","","OC"
"D365","01","REG","Texto fixo contendo ""D365""","C","004","-","","Não apresentar","O"
"D365","02","COD_TOT_PAR","Código do totalizador, conforme Tabela 4.4.6","C","007","-","","","O"
"D365","03","VLR_ACUM_TOT","Valor acumulado no totalizador, relativo à respectiva Redução Z.","N","-","02","","","O"
"D365","04","NR_TOT","Número do totalizador quando ocorrer mais de uma situação com a mesma carga tributária efetiva.","N","002","-","","","OC"
"D365","05","DESCR_NR_TOT","Descrição da situação tributária relativa ao totalizador parcial, quando houver mais de um com a mesma carga tributária efetiva.","C","-","-","","","OC"
"D370","01","REG","Texto fixo contendo ""D370""","C","004","-","","Não apresentar","O"
"D370","02","COD_MUN_ORIG","Código do município de origem do serviço, conforme a tabela IBGE","N","007*","-","","","O"
"D370","03","VL_SERV","Valor total da prestação de serviço","N","-","02","","","O"
"D370","04","QTD_BILH","Quantidade de bilhetes emitidos","N","-","-","","","O"
"D370","05","VL_BC_ICMS","Valor total da base de cálculo do ICMS","N","-","02","","","OC"
"D370","06","VL_ICMS","Valor total do ICMS","N","-","02","","","OC"
"D390","01","REG","Texto fixo contendo ""D390""","C","004","-","","Não apresentar","O"
"D390","02","CST_ICMS","Código da Situação Tributária, conforme a Tabela indicada no item 4.3.1.","N","003*","-","","","O"
"D390","03","CFOP","Código Fiscal de Operação e Prestação","N","004*","-","","","O"
"D390","04","ALIQ_ICMS","Alíquota do ICMS","N","006","02","","","OC"
"D390","05","VL_OPR","Valor da operação correspondente à combinação de CST_ICMS, CFOP, e alíquota do ICMS, incluídas as despesas acessórias e acréscimos","N","-","02","","","O"
"D390","06","VL_BC_ISSQN","Valor da base de cálculo do ISSQN","N","-","02","","","OC"
"D390","07","ALIQ_ISSQN","Alíquota do ISSQN","N","006","02","","","OC"
"D390","08","VL_ISSQN","Valor do ISSQN","N","-","02","","","OC"
"D390","09","VL_BC_ICMS","Base de cálculo do ICMS acumulada relativa à alíquota informada","N","-","02","","","O"
"D390","10","VL_ICMS","Valor do ICMS acumulado relativo à alíquota informada","N","-","02","","","O"
"D390","11","COD_OBS","Código da observação do lançamento fiscal (campo 02 do Registro 0460)","C","006","-","","","OC"
"D400","01","REG","Texto fixo contendo ""D400""","C","004","-","","Não apresentar","O"
"D400","02","COD_PART","Código do participante (campo 02 do Registro 0150): - agência, filial ou posto","C","060","-","","","O"
"D400","03","COD_MOD","Código do modelo do documento fiscal, conforme a Tabela 4.1.1","C","002*","-","","","O"
"D400","04","COD_SIT","Código da situação do documento fiscal, conforme a Tabela 4.1.2","N","002*","-","","","O"
"D400","05","SER","Série do documento fiscal","C","004","-","","","OC"
"D400","06","SUB","Subsérie do documento fiscal","N","003","-","","","OC"
"D400","07","NUM_DOC","Número do documento fiscal resumo.","N","006","-","","","O"
"D400","08","DT_DOC","Data da emissão do documento fiscal","N","008*","-","","","O"
"D400","09","VL_DOC","Valor total do documento fiscal","N","-","02","","","O"
"D400","10","VL_DESC","Valor acumulado dos descontos","N","-","02","","","OC"
"D400","11","VL_SERV","Valor acumulado da prestação de serviço","N","-","02","","","O"
"D400","12","VL_BC_ICM S","Valor total da base de cálculo do ICMS","N","-","02","","","OC"
"D400","13","VL_ICMS","Valor total do ICMS","N","-","02","","","OC"
"D400","14","VL_PIS","Valor do PIS","N","-","02","","","OC"
"D400","15","VL_COFINS","Valor da COFINS","N","-","02","","","OC"
"D400","16","COD_CTA","Código da conta analítica contábil debitada/creditada","C","-","-","","","OC"
"D410","01","REG","Texto fixo contendo ""D410""","C","004","-","","Não apresentar","O"
"D410","02","COD_MOD","Código do modelo do documento fiscal, conforme a Tabela 4.1.1","C","002*","-","","","O"
"D410","03","SER","Série do documento fiscal","C","004","-","","","O"
"D410","04","SUB","Subsérie do documento fiscal","N","003","-","","","OC"
"D410","05","NUM_DOC_INI","Número do documento fiscal inicial (mesmo modelo, série e subsérie)","N","006","-","","","O"
"D410","06","NUM_DOC_FIN","Número do documento fiscal final (mesmo modelo, série e subsérie)","N","-","-","","","O"
"D410","07","DT_DOC","Data da emissão dos documentos fiscais","N","008*","-","","","O"
"D410","08","CST_ICMS","Código da Situação Tributária, conforme a Tabela indicada no item 4.3.1","N","003*","-","","","O"
"D410","09","CFOP","Código Fiscal de Operação e Prestação","N","004*","-","","","O"
"D410","10","ALIQ_ICMS","Alíquota do ICMS","N","006","02","","","OC"
"D410","11","VL_OPR","Valor total acumulado das operações correspondentes à combinação de CST_ICMS, CFOP e alíquota do ICMS, incluídas as despesas acessórias e acréscimos.","N","-","02","","","O"
"D410","12","VL_DESC","Valor acumulado dos descontos","N","-","02","","","OC"
"D410","13","VL_SERV","Valor acumulado da prestação de serviço","N","-","02","","","O"
"D410","14","VL_BC_ICMS","Valor acumulado da base de cálculo do ICMS","N","-","02","","","OC"
"D410","15","VL_ICMS","Valor acumulado do ICMS","N","-","02","","","OC"
"D411","01","REG","Texto fixo contendo ""D411""","C","004","-","","Não Apresentar","O"
"D411","02","NUM_DOC_CANC","Número do documento fiscal cancelado","N","-","-","","","O"
"D420","01","REG","Texto fixo contendo ""D420""","C","004","-","","Não apresentar","O"
"D420","02","COD_MUN_ORIG","Código do município de origem do serviço, conforme a tabela IBGE","N","007*","-","","","O"
"D420","03","VL_SERV","Valor total da prestação de serviço","N","-","02","","","O"
"D420","04","VL_BC_ICMS","Valor total da base de cálculo do ICMS","N","-","02","","","OC"
"D420","05","VL_ICMS","Valor total do ICMS","N","-","02","","","OC"
"D500","01","REG","Texto fixo contendo ""D500""","C","004","-","","O","O"
"D500","02","IND_OPER","Indicador do tipo de operação: 0- Aquisição; 1- Prestação","C","001*","-","","O","O"
"D500","03","IND_EMIT","Indicador do emitente do documento fiscal: 0- Emissão própria; 1- Terceiros","C","001*","-","","O","O"
"D500","04","COD_PART","Código do participante (campo 02 do Registro 0150): - do prestador do serviço, no caso de aquisição; - do tomador do serviço, no caso de prestação.","C","060","-","","O","O"
"D500","05","COD_MOD","Código do modelo do documento fiscal, conforme a Tabela 4.1.1","C","002*","-","","O","O"
"D500","06","COD_SIT","Código da situação do documento fiscal, conforme a Tabela 4.1.2","N","002*","-","","O","O"
"D500","07","SER","Série do documento fiscal","C","004","-","","OC","OC"
"D500","08","SUB","Subsérie do documento fiscal","C","003","-","","OC","OC"
"D500","09","NUM_DOC","Número do documento fiscal","N","009","-","","O","O"
"D500","10","DT_DOC","Data da emissão do documento fiscal","N","008*","-","","O","O"
"D500","11","DT_A_P","Data da entrada (aquisição) ou da saída (prestação do serviço)","N","008*","-","","OC","OC"
"D500","12","VL_DOC","Valor total do documento fiscal","N","-","02","","O","O"
"D500","13","VL_DESC","Valor total do desconto","N","-","02","","OC","OC"
"D500","14","VL_SERV","Valor da prestação de serviços","N","-","02","","O","O"
"D500","15","VL_SERV_NT","Valor total dos serviços não-tributados pelo ICMS","N","-","02","","OC","O"
"D500","16","VL_TERC","Valores cobrados em nome de terceiros","N","-","02","","OC","O"
"D500","17","VL_DA","Valor de outras despesas indicadas no documento fiscal","N","-","02","","OC","O"
"D500","18","VL_BC_ICMS","Valor da base de cálculo do ICMS","N","-","02","","OC","OC"
"D500","19","VL_ICMS","Valor do ICMS","N","-","02","","OC","OC"
"D500","20","COD_INF","Código da informação complementar (campo 02 do Registro 0450)","C","006","-","","OC","OC"
"D500","21","VL_PIS","Valor do PIS","N","-","02","","OC","OC"
"D500","22","VL_COFINS","Valor da COFINS","N","-","02","","OC","OC"
"D500","23","COD_CTA","Código da conta analítica contábil debitada/creditada","C","-","-","","OC","OC"
"D500","24","TP_ASSINANTE","Código do Tipo de Assinante: 1 - Comercial/Industrial 2 - Poder Público 3 - Residencial/Pessoa física 4 - Público 5 - Semi-Público 6 - Outros","N","001*","-","","OC","O"
"D510","01","REG","Texto fixo contendo ""D510""","C","004","-","","Não apresentar","O"
"D510","02","NUM_ITEM","Número sequencial do item no documento fiscal","N","003","-","","","O"
"D510","03","COD_ITEM","Código do item (campo 02 do Registro 0200)","C","060","-","","","O"
"D510","04","COD_CLASS","Código de classificação do item do serviço de comunicação ou de telecomunicação, conforme a Tabela 4.4.1","N","004*","-","","","O"
"D510","05","QTD","Quantidade do item","N","-","03","","","O"
"D510","06","UNID","Unidade do item (Campo 02 do registro 0190)","C","006","-","","","O"
"D510","07","VL_ITEM","Valor do item","N","-","02","","","O"
"D510","08","VL_DESC","Valor total do desconto","N","-","02","","","OC"
"D510","09","CST_ICMS","Código da Situação Tributária, conforme a Tabela indicada no item 4.3.1","N","003*","-","","","O"
"D510","10","CFOP","Código Fiscal de Operação e Prestação","N","004*","-","","","O"
"D510","11","VL_BC_ICMS","Valor da base de cálculo do ICMS","N","-","02","","","OC"
"D510","12","ALIQ_ICMS","Alíquota do ICMS","N","006","02","","","OC"
"D510","13","VL_ICMS","Valor do ICMS creditado/debitado","N","-","02","","","OC"
"D510","14","VL_BC_ICMS_UF","Valor da base de cálculo do ICMS de outras UFs","N","-","02","","","OC"
"D510","15","VL_ICMS_UF","Valor do ICMS de outras UFs","N","-","02","","","OC"
"D510","16","IND_REC","Indicador do tipo de receita: 0- Receita própria - serviços prestados; 1- Receita própria - cobrança de débitos; 2- Receita própria - venda de mercadorias; 3- Receita própria - venda de serviço pré-pago; 4- Outras receitas próprias; 5- Receitas de terceiros (co-faturamento); 9- Outras receitas de terceiros","C","001*","-","","","O"
"D510","17","COD_PART","Código do participante (campo 02 do Registro 0150) receptor da receita, terceiro da operação, se houver.","C","060","-","","","OC"
"D510","18","VL_PIS","Valor do PIS","N","-","02","","","OC"
"D510","19","VL_COFINS","Valor da COFINS","N","-","02","","","OC"
"D510","20","COD_CTA","Código da conta analítica contábil debitada/creditada","C","-","-","","","OC"
"D530","01","REG","Texto fixo contendo ""D530""","C","004","-","","Não apresentar","O"
"D530","02","IND_SERV","Indicador do tipo de serviço prestado: 0 - Telefonia; 1 - Comunicação de dados; 2 - TV por assinatura; 3 - Provimento de acesso à Internet; 4 - Multimídia; 9 - Outros","C","001*","-","","","O"
"D530","03","DT_INI_SERV","Data em que se iniciou a prestação do serviço","N","008*","-","","","OC"
"D530","04","DT_FIN_SERV","Data em que se encerrou a prestação do serviço","N","008*","-","","","OC"
"D530","05","PER_FISCAL","Período fiscal da prestação do serviço (MMAAAA)","N","006*","-","","","O"
"D530","06","COD_AREA","Código de área do terminal faturado","C","-","-","","","OC"
"D530","07","TERMINAL","Identificação do terminal faturado","N","-","-","","","OC"
"D590","01","REG","Texto fixo contendo ""D590""","C","004","-","","O","O"
"D590","02","CST_ICMS","Código da Situação Tributária, conforme a tabela indicada no item 4.3.1","N","003*","-","","O","O"
"D590","03","CFOP","Código Fiscal de Operação e Prestação, conforme a tabela indicada no item 4.2.2","N","004*","-","","O","O"
"D590","04","ALIQ_ICMS","Alíquota do ICMS","N","006","02","","OC","OC"
"D590","05","VL_OPR","Valor da operação correspondente à combinação de CST_ICMS, CFOP, e alíquota do ICMS, incluídas as despesas acessórias e acréscimos","N","-","02","","O","O"
"D590","06","VL_BC_ICMS","Parcela correspondente ao ""Valor da base de cálculo do ICMS"" referente à combinação CST_ICMS, CFOP, e alíquota do ICMS","N","-","02","","O","O"
"D590","07","VL_ICMS","Parcela correspondente ao ""Valor do ICMS"" referente à combinação CST_ICMS, CFOP, e alíquota do ICMS","N","-","02","","O","O"
"D590","08","VL_BC_ICMS_UF","Parcela correspondente ao valor da base de cálculo do ICMS de outras UFs, referente à combinação de CST_ICMS, CFOP e alíquota do ICMS.","N","-","02","","O","O"
"D590","09","VL_ICMS_UF","Parcela correspondente ao valor do ICMS de outras UFs, referente à combinação de CST_ICMS, CFOP, e alíquota do ICMS.","N","-","02","","O","O"
"D590","10","VL_RED_BC","Valor não tributado em função da redução da base de cálculo do ICMS, referente à combinação de CST_ICMS, CFOP e alíquota do ICMS.","N","-","02","","O","O"
"D590","11","COD_OBS","Código da observação (campo 02 do Registro 0460)","C","006","-","","OC","OC"
"D600","01","REG","Texto fixo contendo ""D600""","C","004","-","","Não apresentar","O"
"D600","02","COD_MOD","Código do modelo do documento fiscal, conforme a Tabela 4.1.1","C","002*","-","","","O"
"D600","03","COD_MUN","Código do município dos terminais faturados, conforme a tabela IBGE","N","007*","-","","","O"
"D600","04","SER","Série do documento fiscal","C","004","-","","","O"
"D600","05","SUB","Subsérie do documento fiscal","N","003","-","","","OC"
"D600","06","COD_CONS","Código de classe de consumo dos serviços de comunicação ou de telecomunicação, conforme a Tabela 4.4.4","N","002*","-","","","O"
"D600","07","QTD_CONS","Quantidade de documentos consolidados neste registro","N","-","-","","","O"
"D600","08","DT_DOC","Data dos documentos consolidados","N","008*","-","","","O"
"D600","09","VL_DOC","Valor total acumulado dos documentos fiscais","N","-","02","","","O"
"D600","10","VL_DESC","Valor acumulado dos descontos","N","-","02","","","OC"
"D600","11","VL_SERV","Valor acumulado das prestações de serviços tributados pelo ICMS","N","-","02","","","O"
"D600","12","VL_SERV_NT","Valor acumulado dos serviços não-tributados pelo ICMS","N","-","02","","","OC"
"D600","13","VL_TERC","Valores cobrados em nome de terceiros","N","-","02","","","OC"
"D600","14","VL_DA","Valor acumulado das despesas acessórias","N","-","02","","","OC"
"D600","15","VL_BC_ICMS","Valor acumulado da base de cálculo do ICMS","N","-","02","","","OC"
"D600","16","VL_ICMS","Valor acumulado do ICMS","N","-","02","","","OC"
"D600","17","VL_PIS","Valor do PIS","N","-","02","","","OC"
"D600","18","VL_COFINS","Valor da COFINS","N","-","02","","","OC"
"D610","01","REG","Texto fixo contendo ""D610""","C","004","-","","Não apresentar","O"
"D610","02","COD_CLASS","Código de classificação do item do serviço de comunicação ou de telecomunicação, conforme a Tabela 4.4.1","N","004*","-","","","O"
"D610","03","COD_ITEM","Código do item (campo 02 do Registro 0200)","C","060","-","","","O"
"D610","04","QTD","Quantidade acumulada do item","N","-","03","","","O"
"D610","05","UNID","Unidade do item (Campo 02 do registro 0190)","C","006","-","","","O"
"D610","06","VL_ITEM","Valor acumulado do item","N","-","02","","","O"
"D610","07","VL_DESC","Valor acumulado dos descontos","N","-","02","","","OC"
"D610","08","CST_ICMS","Código da Situação Tributária, conforme a Tabela indicada no item 4.3.1","N","003*","-","","","O"
"D610","09","CFOP","Código Fiscal de Operação e Prestação conforme tabela indicada no item 4.2.2.","N","004*","-","","","O"
"D610","10","ALIQ_ICMS","Alíquota do ICMS","N","006","02","","","OC"
"D610","11","VL_BC_ICMS","Valor acumulado da base de cálculo do ICMS","N","-","02","","","OC"
"D610","12","VL_ICMS","Valor acumulado do ICMS debitado","N","-","02","","","OC"
"D610","13","VL_BC_ICMS_UF","Valor da base de cálculo do ICMS de outras UFs","N","-","02","","","OC"
"D610","14","VL_ICMS_UF","Valor do ICMS de outras UFs","N","-","02","","","OC"
"D610","15","VL_RED_BC","Valor não tributado em função da redução da base de cálculo do ICMS, referente à combinação de CST_ICMS, CFOP e alíquota do ICMS.","N","-","02","","","OC"
"D610","16","VL_PIS","Valor acumulado do PIS","N","-","02","","","OC"
"D610","17","VL_COFINS","Valor acumulado da COFINS","N","-","02","","","OC"
"D610","18","COD_CTA","Código da conta analítica contábil debitada/creditada","C","-","-","","","OC"
"D690","01","REG","Texto fixo contendo ""D690""","C","004","-","","Não apresentar","O"
"D690","02","CST_ICMS","Código da Situação Tributária, conforme a tabela indicada no item 4.3.1","N","003*","-","","","O"
"D690","03","CFOP","Código Fiscal de Operação e Prestação, conforme a tabela indicada no item 4.2.2","N","004*","-","","","O"
"D690","04","ALIQ_ICMS","Alíquota do ICMS","N","006","02","","","OC"
"D690","05","VL_OPR","Valor da operação correspondente à combinação de CST_ICMS, CFOP, e alíquota do ICMS, incluídas as despesas acessórias e acréscimos","N","-","02","","","O"
"D690","06","VL_BC_ICMS","Parcela correspondente ao “Valor da base de cálculo do ICMS” referente à combinação CST_ICMS, CFOP, e alíquota do ICMS","N","-","02","","","O"
"D690","07","VL_ICMS","Parcela correspondente ao ""Valor do ICMS"" referente à combinação CST_ICMS, CFOP, e alíquota do ICMS","N","-","02","","","O"
"D690","08","VL_BC_ICMS_UF","Parcela correspondente ao valor da base de cálculo do ICMS de outras UFs, referente à combinação de CST_ICMS, CFOP e alíquota do ICMS.","N","-","02","","","O"
"D690","09","VL_ICMS_UF","Parcela correspondente ao valor do ICMS de outras UFs, referente à combinação de CST ICMS, CFOP, e alíquota do ICMS.","N","-","02","","","O"
"D690","10","VL_RED_BC","Valor não tributado em função da redução da base de cálculo do ICMS, referente à combinação de CST_ICMS, CFOP e alíquota do ICMS.","N","-","02","","","O"
"D690","11","COD_OBS","Código da observação do lançamento fiscal (campo 02 do Registro 0460)","C","006","-","","","OC"
"D695","01","REG","Texto fixo contendo ""D695""","C","004","-","","Não apresentar","O"
"D695","02","COD_MOD","Código do modelo do documento fiscal, conforme a Tabela 4.1.1.","C","002*","-","","","O"
"D695","03","SER","Série do documento fiscal","C","004","-","","","O"
"D695","04","NRO_ORD_INI","Número de ordem inicial","N","009","-","","","O"
"D695","05","NRO_ORD_FIN","Número de ordem final","N","009","-","","","O"
"D695","06","DT_DOC_INI","Data de emissão inicial dos documentos / Data inicial de vencimento da fatura","N","008*","-","","","O"
"D695","07","DT_DOC_FIN","Data de emissão final dos documentos / Data final do vencimento da fatura","N","008*","-","","","O"
"D695","08","NOM_MEST","Nome do arquivo Mestre de Documento Fiscal","C","033","-","","","O"
"D695","09","CHV_COD_DIG","Chave de codificação digital do arquivo Mestre de Documento Fiscal","C","032","-","","","O"
"D696","01","REG","Texto fixo contendo ""D696""","C","004","-","","Não Apresentar","O"
"D696","02","CST_ICMS","Código da Situação Tributária, conforme a tabela indicada no item 4.3.1","N","003*","-","","","O"
"D696","03","CFOP","Código Fiscal de Operação e Prestação, conforme a tabela indicada no item 4.2.2","N","004*","-","","","O"
"D696","04","ALIQ_ICMS","Alíquota do ICMS","N","006","02","","","OC"
"D696","05","VL_OPR","Valor da operação correspondente à combinação de CST_ICMS, CFOP, e alíquota do ICMS, incluídas as despesas acessórias e acréscimos","N","-","02","","","O"
"D696","06","VL_BC_ICMS","Parcela correspondente ao ""Valor da base de cálculo do ICMS"" referente à combinação CST_ICMS, CFOP, e alíquota do ICMS","N","-","02","","","O"
"D696","07","VL_ICMS","Parcela correspondente ao ""Valor do ICMS"" referente à combinação CST_ICMS, CFOP, e alíquota do ICMS","N","-","02","","","O"
"D696","08","VL_BC_ICMS_ UF","Parcela correspondente ao valor da base de cálculo do ICMS de outras UFs, referente à combinação de CST_ICMS, CFOP e alíquota do ICMS","N","-","02","","","O"
"D696","09","VL_ICMS_UF","Parcela correspondente ao valor do ICMS de outras UFs, referente à combinação de CST_ICMS, CFOP, e alíquota do ICMS","N","-","02","","","O"
"D696","10","VL_RED_BC","Valor não tributado em função da redução da base de cálculo do ICMS, referente à combinação de CST_ICMS, CFOP e alíquota do ICMS.","N","-","02","","","O"
"D696","11","COD_OBS","Código da observação do lançamento fiscal (campo 02 do Registro 0460)","C","006","-","","","OC"
"D697","01","REG","Texto fixo contendo ""D697""","C","004","-","","Não apresentar","O"
"D697","02","UF","Sigla da unidade da federação","C","002*","-","","","O"
"D697","03","VL_BC_ICMS","Valor da base de cálculo do ICMS","N","-","02","","","O"
"D697","04","VL_ICMS","Valor do ICMS","N","-","02","","","O"
"D700","1","REG","Texto fixo contendo ""D700"".","C","4","-","","O","O"
"D700","10","DT_E_S","Data da entrada ou da saída","N","008*","-","","OC","-"
"D700","11","VL_DOC","Valor do documento fiscal.","N","-","2","","O","O"
"D700","12","VL_DESC","Valor do desconto.","N","-","2","","OC","OC"
"D700","13","VL_SERV","Valor dos serviços tributados pelo ICMS.","N","-","2","","O","O"
"D700","14","VL_SERV_NT","Valores cobrados em nome do prestador sem destaque de ICMS.","N","-","2","","OC","OC"
"D700","15","VL_TERC","Valores cobrados em nome de terceiros.","N","-","2","","OC","OC"
"D700","16","VL_DA","Valor de despesas acessórias indicadas no documento fiscal.","N","-","2","","OC","OC"
"D700","17","VL_BC_ICMS","Valor da Base de Cálculo (BC) do ICMS.","N","-","2","","OC","OC"
"D700","18","VL_ICMS","Valor do ICMS","N","-","2","","OC","OC"
"D700","19","COD_INF","Código da informação complementar do documento fiscal (campo 02 do Registro 0450).","C","6","-","","OC","OC"
"D700","2","IND_OPER","Indicador do tipo de prestação: 0: Entrada 1: Saída","C","001*","-","","O","O"
"D700","20","VL_PIS","Valor do PIS/Pasep.","N","-","2","","OC","OC"
"D700","21","VL_COFINS","Valor do Cofins.","N","-","2","","OC","OC"
"D700","22","CHV_DOCe","Chave da Nota Fiscal Fatura de Serviço Comunicação Eletrônica.","C","044*","-","","O","O"
"D700","23","FIN_DOCe","Finalidade da emissão do documento eletrônico: 0 - NFCom Normal; 3 - NFCom de Substituição; 4 - NFCom de Ajuste;","N","001*","-","","O","O"
"D700","24","TIP_FAT","Tipo de faturamento do documento eletrônico: 0 - Faturamento Normal; 1 - Faturamento centralizado; 2 - Cofaturamento","N","001*","-","","O","O"
"D700","25","COD_MOD_DOC_REF","Código do modelo do documento fiscal referenciado, conforme a Tabela 4.1.1.","N","002*","-","","OC","OC"
"D700","26","CHV_DOCe_REF","Chave da nota referenciada.","C","044*","-","","OC","OC"
"D700","27","HASH_DOC_REF","Código de autenticação digital do registro, campo 36 do registro do Arquivo tipo mestre de documento fiscal, conforme definido no Convênio 115/2003.","C","32","-","","OC","OC"
"D700","28","SER_DOC_REF","Série do documento fiscal referenciado.","C","4","-","","OC","OC"
"D700","29","NUM_DOC_REF","Número do documento fiscal referenciado.","N","9","-","","OC","OC"
"D700","3","IND_EMIT","Indicador do emitente do documento fiscal: 0: Emissão própria; 1: Terceiros.","C","001*","-","","O","O"
"D700","30","MES_DOC_REF","Mês e ano da emissão do documento fiscal referenciado.","N","006*","-","","OC","OC"
"D700","31","COD_MUN_DEST","Código do município do destinatário conforme a tabela do IBGE.","N","007*","-","","N","O"
"D700","32","DED","Deduções","N","-","2","","OC","OC"
"D700","4","COD_PART","Código do participante (Campo 02 do Registro 0150) do prestador, no caso de entradas.","C","60","-","","O","-"
"D700","5","COD_MOD","Código do modelo do documento fiscal, conforme a Tabela 4.1.1.","C","002*","-","","O","O"
"D700","6","COD_SIT","Código da situação do documento fiscal, conforme a Tabela 4.1.2.","N","002*","-","","O","O"
"D700","7","SER","Série do documento fiscal.","C","3","-","","O","O"
"D700","8","NUM_DOC","Número do documento fiscal.","N","9","-","","O","O"
"D700","9","DT_DOC","Data da emissão do documento fiscal.","N","008*","-","","O","O"
"D730","01","REG","Texto fixo contendo "" D730""","C","004","-","","O","O"
"D730","02","CST_ICMS","Código da Situação Tributária, conforme a tabela indicada no item 4.3.1","N","003*","-","","O","O"
"D730","03","CFOP","Código Fiscal de Operação e Prestação, conforme a tabela indicada no item 4.2.2","N","004*","-","","O","O"
"D730","04","ALIQ_ICMS","Alíquota do ICMS","N","006","02","","OC","OC"
"D730","05","VL_OPR","Valor total dos itens relacionados aos serviços próprios, com destaque de ICMS, correspondente à combinação de CST_ICMS, CFOP, e alíquota do ICMS.","N","-","02","","O","O"
"D730","06","VL_BC_ICMS","Parcela correspondente ao ""Valor da base de cálculo do ICMS"" referente à combinação CST_ICMS, CFOP, e alíquota do ICMS","N","-","02","","O","O"
"D730","07","VL_ICMS","Parcela correspondente ao ""Valor do ICMS"" referente à combinação CST_ICMS, CFOP, e alíquota do ICMS, incluindo o FCP, quando aplicável, referente combinação de CST_ICMS, CFOP e alíquota do ICMS.","N","-","02","O","O","O"
"D730","08","VL_RED_BC","Valor não tributado em função da redução da base de cálculo do ICMS, referente à combinação de CST_ICMS, CFOP e alíquota do ICMS.","N","-","02","","O","O"
"D730","09","COD_OBS","Código da observação (campo 02 do Registro 0460)","C","006","-","","OC","OC"
"D731","01","REG","Texto fixo contendo ""D731""","C","004","-","","O","O"
"D731","02","VL_FCP_OP","Valor do Fundo de Combate à Pobreza (FCP) vinculado à operação própria, na combinação de CST_ICMS, CFOP e alíquota do ICMS","N","-","02","","O","O"
"D735","01","REG","Texto fixo contendo “D735”","C","004","-","","O","O"
"D735","02","COD_OBS","Código da observação do lançamento fiscal (campo 02 do Registro 0460)","C","006","-","","O","O"
"D735","03","TXT_COMPL","Descrição complementar do código de observação.","C","-","-","","OC","OC"
"D737","01","REG","Texto fixo contendo “D737”","C","004","-","","O","O"
"D737","02","COD_AJ","Código do ajustes/benefício/incentivo, conforme tabela indicada no item 5.3.","C","010*","-","","O","O"
"D737","03","DESCR_COMPL_AJ","Descrição complementar do ajuste do documento fiscal","C","-","-","","OC","OC"
"D737","04","COD_ITEM","Código do item (campo 02 do Registro 0200)","C","060","-","","OC","OC"
"D737","05","VL_BC_ICMS","Base de cálculo do ICMS","N","-","02","","OC","OC"
"D737","06","ALIQ_ICMS","Alíquota do ICMS","N","006","02","","OC","OC"
"D737","07","VL_ICMS","Valor do ICMS","N","-","02","","OC","OC"
"D737","08","VL_OUTROS","Outros valores","N","-","02","","OC","OC"
"D750","01","REG","Texto fixo contendo ""D750""","C","004","-","","-","O"
"D750","02","COD_MOD","Código do modelo do documento fiscal, conforme a Tabela 4.1.1","C","002*","-","","-","O"
"D750","03","SER","Série do documento fiscal","N","003","-","","-","O"
"D750","04","DT_DOC","Data da emissão dos documentos","N","008*","-","","-","O"
"D750","05","QTD_CONS","Quantidade de documentos consolidados neste registro","N","-","-","","-","O"
"D750","06","IND_PREPAGO","Forma de pagamento: 0 – pré pago 1 – pós pago","N","001","-","","-","O"
"D750","07","VL_DOC","Valor total dos documentos","N","-","02","","-","O"
"D750","08","VL_SERV","Valor dos serviços tributados pelo ICMS.","N","-","02","","-","O"
"D750","09","VL_SERV_NT","Valores cobrados em nome do prestador sem destaque de ICMS.","N","-","002","","-","O"
"D750","10","VL_TERC","Valor total cobrado em nome de terceiros","N","-","02","","-","O"
"D750","11","VL_DESC","Valor total dos descontos","N","-","02","","-","O"
"D750","12","VL_DA","Valor total das despesas acessórias","N","-","02","","-","O"
"D750","13","VL_BC_ICMS","Valor total da base de cálculo do ICMS","N","-","02","","-","O"
"D750","14","VL_ICMS","Valor total do ICMS","N","-","02","","-","O"
"D750","15","VL_PIS","Valor total do PIS","N","-","02","","-","OC"
"D750","16","VL_COFINS","Valor total da COFINS","N","-","02","","-","OC"
"D750","17","DED","Deduções","N","-","02","","-","OC"
"D760","01","REG","Texto fixo contendo ""D760""","C","004","-","","O","O"
"D760","02","CST_ICMS","Código da Situação Tributária, conforme a tabela indicada no item 4.3.1","N","003*","-","","O","O"
"D760","03","CFOP","Código Fiscal de Operação e Prestação, conforme a tabela indicada no item 4.2.2","N","004*","-","","O","O"
"D760","04","ALIQ_ICMS","Alíquota do ICMS","N","006","02","","OC","OC"
"D760","05","VL_OPR","Valor total dos itens relacionados aos serviços próprios, com destaque de ICMS, correspondente à combinação de CST_ICMS, CFOP, e alíquota do ICMS.","N","-","02","","O","O"
"D760","06","VL_BC_ICMS","Parcela correspondente ao ""Valor da base de cálculo do ICMS"" referente à combinação CST_ICMS, CFOP, e alíquota do ICMS","N","-","02","","O","O"
"D760","07","VL_ICMS","Parcela correspondente ao ""Valor do ICMS"", incluindo o FCP, quando aplicável, referente à combinação CST_ICMS, CFOP e alíquota do ICMS.","N","-","02","","O","O"
"D760","08","VL_RED_BC","Valor não tributado em função da redução da base de cálculo do ICMS, referente à combinação de CST_ICMS, CFOP e alíquota do ICMS.","N","-","02","","O","O"
"D760","09","COD_OBS","Código da observação (campo 02 do Registro 0460)","C","006","-","","OC","OC"
"D761","01","REG","Texto fixo contendo ""D761""","C","004","-","","O","O"
"D761","02","VL_FCP_OP","Valor do Fundo de Combate à Pobreza (FCP) vinculado à operação própria, na combinação de CST_ICMS, CFOP e alíquota do ICMS","N","-","02","","O","O"
"D990","01","REG","Texto fixo contendo ""D990""","C","004","-","","O","O"
"D990","02","QTD_LIN_D","Quantidade total de linhas do Bloco D","N","-","-","","O","O"
"E001","01","REG","Texto fixo contendo ""E001""","C","004","-","O","",""
"E001","02","IND_MOV","Indicador de movimento: 0- Bloco com dados informados; 1- Bloco sem dados informados","C","001","-","O","",""
"E100","01","REG","Texto fixo contendo ""E100""","C","004","-","O","",""
"E100","02","DT_INI","Data inicial a que a apuração se refere","N","008*","-","O","",""
"E100","03","DT_FIN","Data final a que a apuração se refere","N","008*","-","O","",""
"E110","01","REG","Texto fixo contendo ""E110""","C","004","-","O","",""
"E110","02","VL_TOT_DEBITOS","Valor total dos débitos por ""Saídas e prestações com débito do imposto""","N","-","02","O","",""
"E110","03","VL_AJ_DEBITOS","Valor total dos ajustes a débito decorrentes do documento fiscal.","N","-","02","O","",""
"E110","04","VL_TOT_AJ_DEBITOS","Valor total de ""Ajustes a débito""","N","-","02","O","",""
"E110","05","VL_ESTORNOS_CRED","Valor total de Ajustes “Estornos de créditos”","N","-","02","O","",""
"E110","06","VL_TOT_CREDITOS","Valor total dos créditos por ""Entradas e aquisições com crédito do imposto""","N","-","02","O","",""
"E110","07","VL_AJ_CREDITOS","Valor total dos ajustes a crédito decorrentes do documento fiscal.","N","-","02","O","",""
"E110","08","VL_TOT_AJ_CREDITOS","Valor total de ""Ajustes a crédito""","N","-","02","O","",""
"E110","09","VL_ESTORNOS_DEB","Valor total de Ajustes “Estornos de Débitos”","N","-","02","O","",""
"E110","10","VL_SLD_CREDOR_ANT","Valor total de ""Saldo credor do período anterior""","N","-","02","O","",""
"E110","11","VL_SLD_APURADO","Valor do saldo devedor apurado","N","-","02","O","",""
"E110","12","VL_TOT_DED","Valor total de ""Deduções""","N","-","02","O","",""
"E110","13","VL_ICMS_RECOLHER","Valor total de ""ICMS a recolher (11-12)","N","-","02","O","",""
"E110","14","VL_SLD_CREDOR_TRA NSPORTAR","Valor total de ""Saldo credor a transportar para o período seguinte”","N","-","02","O","",""
"E110","15","DEB_ESP","Valores recolhidos ou a recolher, extra-apuração.","N","-","02","O","",""
"E111","01","REG","Texto fixo contendo ""E111""","C","004","-","O","",""
"E111","02","COD_AJ_APUR","Código do ajuste da apuração e dedução, conforme a Tabela indicada no item 5.1.1.","C","008*","-","O","",""
"E111","03","DESCR_COMPL_AJ","Descrição complementar do ajuste da apuração","C","-","-","OC","",""
"E111","04","VL_AJ_APUR","Valor do ajuste da apuração","N","-","02","O","",""
"E112","01","REG","Texto fixo contendo ""E112""","C","004","-","O","",""
"E112","02","NUM_DA","Número do documento de arrecadação estadual, se houver","C","-","-","OC","",""
"E112","03","NUM_PROC","Número do processo ao qual o ajuste está vinculado, se houver","C","060","-","OC","",""
"E112","04","IND_PROC","Indicador da origem do processo: 0- Sefaz; 1- Justiça Federal; 2- Justiça Estadual; 9- Outros","C","001*","-","OC","",""
"E112","05","PROC","Descrição resumida do processo que embasou o lançamento","C","-","-","OC","",""
"E112","06","TXT_COMPL","Descrição complementar","C","-","-","OC","",""
"E113","01","REG","Texto fixo contendo ""E113""","C","004","-","O","",""
"E113","02","COD_PART","Código do participante (campo 02 do Registro 0150): - do emitente do documento ou do remetente das mercadorias, no caso de entradas; - do adquirente, no caso de saídas","C","060","-","OC","",""
"E113","03","COD_MOD","Código do modelo do documento fiscal, conforme a Tabela 4.1.1","C","002*","-","O","",""
"E113","04","SER","Série do documento fiscal","C","004","-","OC","",""
"E113","05","SUB","Subsérie do documento fiscal","N","003","-","OC","",""
"E113","06","NUM_DOC","Número do documento fiscal","N","009","-","O","",""
"E113","07","DT_DOC","Data da emissão do documento fiscal","N","008*","-","O","",""
"E113","08","COD_ITEM","Código do item (campo 02 do Registro 0200)","C","060","-","OC","",""
"E113","09","VL_AJ_ITEM","Valor do ajuste para a operação/item","N","-","02","O","",""
"E113","10","CHV_DOCe","Chave do Documento Eletrônico","C","044*","-","OC","",""
"E115","01","REG","Texto fixo contendo ""E115""","C","004","-","O","",""
"E115","02","COD_INF_ADIC","Código da informação adicional conforme tabela a ser definida pelas SEFAZ, conforme tabela definida no item 5.2.","C","008*","-","O","",""
"E115","03","VL_INF_ADIC","Valor referente à informação adicional","N","-","02","O","",""
"E115","04","DESCR_COMPL_AJ","Descrição complementar do ajuste","C","-","-","OC","",""
"E116","01","REG","Texto fixo contendo ""E116""","C","004","-","O","",""
"E116","02","COD_OR","Código da obrigação a recolher, conforme a Tabela 5.4","C","003*","-","O","",""
"E116","03","VL_OR","Valor da obrigação a recolher","N","-","02","O","",""
"E116","04","DT_VCTO","Data de vencimento da obrigação","N","008*","-","O","",""
"E116","05","COD_REC","Código de receita referente à obrigação, próprio da unidade da federação, conforme legislação estadual.","C","-","-","O","",""
"E116","06","NUM_PROC","Número do processo ou auto de infração ao qual a obrigação está vinculada, se houver.","C","060","-","OC","",""
"E116","07","IND_PROC","Indicador da origem do processo:","C","001*","-","OC","",""
"E116","08","PROC","Descrição resumida do processo que embasou o lançamento","C","-","-","OC","",""
"E116","09","TXT_COMPL","Descrição complementar das obrigações a recolher.","C","-","-","OC","",""
"E116","10","MES_REF*","Informe o mês de referência no formato “mmaaaa”","N","006*","-","O","",""
"E200","01","REG","Texto fixo contendo ""E200""","C","004","-","O","",""
"E200","02","UF","Sigla da unidade da federação a que se refere a apuração do ICMS ST","C","002*","-","O","",""
"E200","03","DT_INI","Data inicial a que a apuração se refere","N","008*","-","O","",""
"E200","04","DT_FIN","Data final a que a apuração se refere","N","008*","-","O","",""
"E210","01","REG","Texto fixo contendo ""E210""","C","004","-","O","",""
"E210","02","IND_MOV_ST","Indicador de movimento: 0 – Sem operações com ST 1 – Com operações de ST","C","001","-","O","",""
"E210","03","VL_SLD_CRED_ANT_ST","Valor do ""Saldo credor de período anterior – Substituição Tributária""","N","-","02","O","",""
"E210","04","VL_DEVOL_ST","Valor total do ICMS ST de devolução de mercadorias","N","-","02","O","",""
"E210","05","VL_RESSARC_ST","Valor total do ICMS ST de ressarcimentos","N","-","02","O","",""
"E210","06","VL_OUT_CRED_ST","Valor total de Ajustes ""Outros créditos ST"" e “Estorno de débitos ST”","N","-","02","O","",""
"E210","07","VL_AJ_CREDITOS_ST","Valor total dos ajustes a crédito de ICMS ST, provenientes de ajustes do documento fiscal.","N","-","02","O","",""
"E210","08","VL_RETENÇAO_ST","Valor Total do ICMS retido por Substituição Tributária","N","-","02","O","",""
"E210","09","VL_OUT_DEB_ST","Valor Total dos ajustes ""Outros débitos ST"" "" e “Estorno de créditos ST”","N","-","02","O","",""
"E210","10","VL_AJ_DEBITOS_ST","Valor total dos ajustes a débito de ICMS ST, provenientes de ajustes do documento fiscal.","N","-","02","O","",""
"E210","11","VL_SLD_DEV_ANT_ST","Valor total de Saldo devedor antes das deduções","N","-","02","O","",""
"E210","12","VL_DEDUÇÕES_ST","Valor total dos ajustes ""Deduções ST""","N","-","02","O","",""
"E210","13","VL_ICMS_RECOL_ST","Imposto a recolher ST (11-12)","N","-","02","O","",""
"E210","14","VL_SLD_CRED_ST_TRANS PORTAR","Saldo credor de ST a transportar para o período seguinte [(03+04+05+06+07+12) – (08+09+10)].","N","-","02","O","",""
"E210","15","DEB_ESP_ST","Valores recolhidos ou a recolher, extra-apuração.","N","-","02","O","",""
"E220","01","REG","Texto fixo contendo ""E220""","C","004","-","O","",""
"E220","02","COD_AJ_APUR","Código do ajuste da apuração e dedução, conforme a Tabela indicada no item 5.1.1","C","008*","-","O","",""
"E220","03","DESCR_COMPL_AJ","Descrição complementar do ajuste da apuração","C","-","-","OC","",""
"E220","04","VL_AJ_APUR","Valor do ajuste da apuração","N","-","02","O","",""
"E230","01","REG","Texto fixo contendo ""E230""","C","004","-","O","",""
"E230","02","NUM_DA","Número do documento de arrecadação estadual, se houver","C","-","-","OC","",""
"E230","03","NUM_PROC","Número do processo ao qual o ajuste está vinculado, se houver","C","060","-","OC","",""
"E230","04","IND_PROC","Indicador da origem do processo: 0 - Sefaz;","N","001*","-","OC","",""
"E230","05","PROC","Descrição resumida do processo que embasou o lançamento","C","-","-","OC","",""
"E230","06","TXT_COMPL","Descrição complementar","C","-","-","OC","",""
"E240","01","REG","Texto fixo contendo ""E240""","C","004","-","O","",""
"E240","02","COD_PART","Código do participante (campo 02 do Registro 0150): - do emitente do documento ou do remetente das mercadorias, no caso de entradas; - do adquirente, no caso de saídas","C","060","-","O","",""
"E240","03","COD_MOD","Código do modelo do documento fiscal, conforme a Tabela 4.1.1","C","002*","-","O","",""
"E240","04","SER","Série do documento fiscal","C","004","-","OC","",""
"E240","05","SUB","Subsérie do documento fiscal","N","003","-","OC","",""
"E240","06","NUM_DOC","Número do documento fiscal","N","009","-","O","",""
"E240","07","DT_DOC","Data da emissão do documento fiscal","N","008*","-","O","",""
"E240","08","COD_ITEM","Código do item (campo 02 do Registro 0200)","C","060","-","OC","",""
"E240","09","VL_AJ_ITEM","Valor do ajuste para a operação/item","N","-","02","O","",""
"E240","10","CHV_DOCe","Chave do Documento Eletrônico","C","044*","-","OC","",""
"E250","01","REG","Texto fixo contendo ""E250""","C","004","-","O","",""
"E250","02","COD_OR","Código da obrigação a recolher, conforme a Tabela 5.4","C","003*","-","O","",""
"E250","03","VL_OR","Valor da obrigação ICMS ST a recolher","N","-","02","O","",""
"E250","04","DT_VCTO","Data de vencimento da obrigação","N","008*","-","O","",""
"E250","05","COD_REC","Código de receita referente à obrigação, próprio da unidade da federação do contribuinte substituído.","C","-","-","O","",""
"E250","06","NUM_PROC","Número do processo ou auto de infração ao qual a obrigação está vinculada, se houver","C","060","-","OC","",""
"E250","07","IND_PROC","Indicador da origem do processo: 0- SEFAZ; 1- Justiça Federal; 2- Justiça Estadual; 9- Outros","C","001*","-","OC","",""
"E250","08","PROC","Descrição resumida do processo que embasou o lançamento","C","-","-","OC","",""
"E250","09","TXT_COMPL","Descrição complementar das obrigações a recolher","C","-","-","OC","",""
"E250","10","MES_REF*","Informe o mês de referência no formato “mmaaaa”","N","006*","-","O","",""
"E300","01","REG","Texto fixo contendo ""E300""","C","004","-","O","",""
"E300","02","UF","Sigla da unidade da federação a que se refere à apuração do FCP e do ICMS Diferencial de Alíquota da UF de Origem/Destino","C","002","-","O","",""
"E300","03","DT_INI","Data inicial a que a apuração se refere","N","008*","-","O","",""
"E300","04","DT_FIN","Data final a que a apuração se refere","N","008*","-","O","",""
"E310","01","REG","Texto fixo contendo ""E310""","C","004","-","O","",""
"E310","02","IND_MOV_FCP_DIFAL","Indicador de movimento: 0 – Sem operações 1 – Com operações","C","-","-","O","",""
"E310","03","VL_SLD_CRED_ANT_DIFAL","Valor do ""Saldo credor de período anterior – ICMS Diferencial de Alíquota da UF de Origem/Destino""","N","-","02","O","",""
"E310","04","VL_TOT_DEBITOS_DIFAL","Valor total dos débitos por ""Saídas e prestações com débito do ICMS referente ao diferencial de alíquota devido à UF de Origem/Destino""","N","-","02","O","",""
"E310","05","VL_OUT_DEB_DIFAL","Valor total dos ajustes ""Outros débitos ICMS Diferencial de Alíquota da UF de Origem/Destino"" e “Estorno de créditos ICMS Diferencial de Alíquota da UF de Origem/Destino”","N","-","02","O","",""
"E310","06","VL_TOT_CREDITOS_DIFAL","Valor total dos créditos do ICMS referente ao diferencial de alíquota devido à UF de Origem/Destino","N","-","02","O","",""
"E310","07","VL_OUT_CRED_DIFAL","Valor total de Ajustes ""Outros créditos ICMS Diferencial de Alíquota da UF de Origem/Destino"" e “Estorno de débitos ICMS Diferencial de Alíquota da UF de Origem/Destino”","N","-","02","O","",""
"E310","08","VL_SLD_DEV_ANT_DIFAL","Valor total de “Saldo devedor ICMS Diferencial de Alíquota da UF de Origem/Destino antes das deduções”","N","-","02","O","",""
"E310","09","VL_DEDUÇÕES_DIFAL","Valor total dos ajustes ""Deduções ICMS Diferencial de Alíquota da UF de Origem/Destino""","N","-","02","O","",""
"E310","10","VL_RECOL_DIFAL","Valor recolhido ou a recolher referente ao ICMS Diferencial de Alíquota da UF de Origem/Destino (08-09)","N","-","02","O","",""
"E310","11","VL_SLD_CRED_TRANSPORTAR_DIFAL","Saldo credor a transportar para o período seguinte referente ao ICMS Diferencial de Alíquota da UF de Origem/Destino","N","-","02","O","",""
"E310","12","DEB_ESP_DIFAL","Valores recolhidos ou a recolher, extra-apuração - ICMS Diferencial de Alíquota da UF de Origem/Destino.","N","-","02","O","",""
"E310","13","VL_SLD_CRED_ANT_FCP","Valor do ""Saldo credor de período anterior – FCP""","N","-","02","O","",""
"E310","14","VL_TOT_DEB_FCP","Valor total dos débitos FCP por ""Saídas e prestações”","N","-","02","O","",""
"E310","15","VL_OUT_DEB_FCP","Valor total dos ajustes ""Outros débitos FCP"" e “Estorno de créditos FCP”","N","-","02","O","",""
"E310","16","VL_TOT_CRED_FCP","Valor total dos créditos FCP por Entradas","N","-","02","O","",""
"E310","17","VL_OUT_CRED_FCP","Valor total de Ajustes ""Outros créditos FCP"" e “Estorno de débitos FCP”","N","-","02","O","",""
"E310","18","VL_SLD_DEV_ANT_FCP","Valor total de Saldo devedor FCP antes das deduções","N","-","02","O","",""
"E310","19","VL_DEDUÇÕES_FCP","Valor total das deduções ""FCP""","N","-","02","O","",""
"E310","20","VL_RECOL_FCP","Valor recolhido ou a recolher referente ao FCP (18–19)","N","-","02","O","",""
"E310","21","VL_SLD_CRED_TRANSPORTAR_FCP","Saldo credor a transportar para o período seguinte referente ao FCP","N","-","02","O","",""
"E310","22","DEB_ESP_FCP","Valores recolhidos ou a recolher, extra-apuração - FCP.","N","-","02","O","",""
"E311","01","REG","Texto fixo contendo ""E311""","C","004","-","O","",""
"E311","02","COD_AJ_APUR","Código do ajuste da apuração e dedução, conforme a Tabela indicada no item 5.1.1","C","008*","-","O","",""
"E311","03","DESCR_COMPL_AJ","Descrição complementar do ajuste da apuração","C","-","-","OC","",""
"E311","04","VL_AJ_APUR","Valor do ajuste da apuração","N","-","02","O","",""
"E312","01","REG","Texto fixo contendo ""E312""","C","004","-","O","",""
"E312","02","NUM_DA","Número do documento de arrecadação estadual, se houver","C","-","-","OC","",""
"E312","03","NUM_PROC","Número do processo ao qual o ajuste está vinculado, se houver","C","060","-","OC","",""
"E312","04","IND_PROC","Indicador da origem do processo: 0- Sefaz; 1- Justiça Federal; 2- Justiça Estadual; 9- Outros","N","001*","-","OC","",""
"E312","05","PROC","Descrição resumida do processo que embasou o lançamento","C","-","-","OC","",""
"E312","06","TXT_COMPL","Descrição complementar","C","-","-","OC","",""
"E313","01","REG","Texto fixo contendo ""E313""","C","004","-","O","",""
"E313","02","COD_PART","Código do participante (campo 02 do Registro 0150)","C","060","-","OC","",""
"E313","03","COD_MOD","Código do modelo do documento fiscal, conforme a Tabela 4.1.1","C","002*","-","O","",""
"E313","04","SER","Série do documento fiscal","C","004","-","OC","",""
"E313","05","SUB","Subsérie do documento fiscal","N","003","-","OC","",""
"E313","06","NUM_DOC","Número do documento fiscal","N","009","-","O","",""
"E313","07","CHV_DOCe","Chave do Documento Eletrônico","C","044*","-","OC","",""
"E313","08","DT_DOC","Data da emissão do documento fiscal","N","008*","-","O","",""
"E313","09","COD_ITEM","Código do item (campo 02 do Registro 0200)","C","060","-","OC","",""
"E313","10","VL_AJ_ITEM","Valor do ajuste para a operação/item","N","-","02","O","",""
"E316","01","REG","Texto fixo contendo ""E316""","C","004","-","O","",""
"E316","02","COD_OR","Código da obrigação recolhida ou a recolher, conforme a Tabela 5.4","C","003*","-","O","",""
"E316","03","VL_OR","Valor da obrigação recolhida ou a recolher","N","-","02","O","",""
"E316","04","DT_VCTO","Data de vencimento da obrigação","N","008*","-","O","",""
"E316","05","COD_REC","Código de receita referente à obrigação, próprio da unidade da federação da origem/destino, conforme legislação estadual.","C","-","-","O","",""
"E316","06","NUM_PROC","Número do processo ou auto de infração ao qual a obrigação está vinculada, se houver","C","060","-","OC","",""
"E316","07","IND_PROC","Indicador da origem do processo: 0- SEFAZ; 1- Justiça Federal; 2- Justiça Estadual; 9- Outros","C","001*","-","OC","",""
"E316","08","PROC","Descrição resumida do processo que embasou o lançamento","C","-","-","OC","",""
"E316","09","TXT_COMPL","Descrição complementar das obrigações recolhidas ou a recolher","C","-","-","OC","",""
"E316","10","MES_REF*","Informe o mês de referência no formato “mmaaaa”","N","006*","-","O","",""
"E500","01","REG","Texto fixo contendo ""E500""","C","004","-","O","",""
"E500","02","IND_APUR","Indicador de período de apuração do IPI: 0 - Mensal; 1 - Decendial","C","1*","-","O","",""
"E500","03","DT_INI","Data inicial a que a apuração se refere","N","008*","-","O","",""
"E500","04","DT_FIN","Data final a que a apuração se refere","N","008*","-","O","",""
"E510","01","REG","Texto fixo contendo ""E510""","C","004","-","O","",""
"E510","02","CFOP","Código Fiscal de Operação e Prestação do agrupamento de itens","N","004*","-","O","",""
"E510","03","CST_IPI","Código da Situação Tributária referente ao IPI, conforme a Tabela indicada no item 4.3.2.","C","002*","-","O","",""
"E510","04","VL_CONT_IPI","Parcela correspondente ao ""Valor Contábil"" referente ao CFOP e ao Código de Tributação do IPI","N","-","02","O","",""
"E510","05","VL_BC_IPI","Parcela correspondente ao ""Valor da base de cálculo do IPI"" referente ao CFOP e ao Código de Tributação do IPI, para operações tributadas","N","-","02","O","",""
"E510","06","VL_IPI","Parcela correspondente ao ""Valor do IPI"" referente ao CFOP e ao Código de Tributação do IPI, para operações tributadas","N","-","02","O","",""
"E520","01","REG","Texto fixo contendo ""E520""","C","004","-","O","",""
"E520","02","VL_SD_ANT_IPI","Saldo credor do IPI transferido do período anterior","N","-","02","O","",""
"E520","03","VL_DEB_IPI","Valor total dos débitos por ""Saídas com débito do imposto""","N","-","02","O","",""
"E520","04","VL_CRED_IPI","Valor total dos créditos por ""Entradas e aquisições com crédito do imposto""","N","-","02","O","",""
"E520","05","VL_OD_IPI","Valor de ""Outros débitos"" do IPI (inclusive estornos de crédito)","N","-","02","O","",""
"E520","06","VL_OC_IPI","Valor de ""Outros créditos"" do IPI (inclusive estornos de débitos)","N","-","02","O","",""
"E520","07","VL_SC_IPI","Valor do saldo credor do IPI a transportar para o período seguinte","N","-","02","O","",""
"E520","08","VL_SD_IPI","Valor do saldo devedor do IPI a recolher","N","-","02","O","",""
"E530","01","REG","Texto fixo contendo ""E530""","C","004","-","O","",""
"E530","02","IND_AJ","Indicador do tipo de ajuste: 0- Ajuste a débito; 1- Ajuste a crédito","C","001*","-","O","",""
"E530","03","VL_AJ","Valor do ajuste","N","-","02","O","",""
"E530","04","COD_AJ","Código do ajuste da apuração, conforme a Tabela indicada no item 4.5.4.","C","003*","","O","",""
"E530","05","IND_DOC","Indicador da origem do documento vinculado ao ajuste: 0 - Processo Judicial; 1 - Processo Administrativo; 2 - PER/DCOMP; 3 – Documento Fiscal 9 – Outros.","C","001*","-","O","",""
"E530","06","NUM_DOC","Número do documento / processo / declaração ao qual o ajuste está vinculado, se houver","C","-","-","OC","",""
"E530","07","DESCR_AJ","Descrição detalhada do ajuste, com citação dos documentos fiscais.","C","-","-","O","",""
"E531","01","REG","Texto fixo contendo ""E531""","C","004","-","O","",""
"E531","02","COD_PART","Código do participante (campo 02 do Registro 0150): - do emitente do documento ou do remetente das mercadorias, no caso de entradas; - do adquirente, no caso de saídas","C","060","-","OC","",""
"E531","03","COD_MOD","Código do modelo do documento fiscal, conforme a Tabela 4.1.1","C","002*","-","O","",""
"E531","04","SER","Série do documento fiscal","C","004","-","OC","",""
"E531","05","SUB","Subsérie do documento fiscal","N","003","-","OC","",""
"E531","06","NUM_DOC","Número do documento fiscal","N","009","-","O","",""
"E531","07","DT_DOC","Data da emissão do documento fiscal","N","008*","-","O","",""
"E531","08","COD_ITEM","Código do item (campo 02 do Registro 0200)","C","060","-","OC","",""
"E531","09","VL_AJ_ITEM","Valor do ajuste para a operação/item","N","-","02","O","",""
"E531","10","CHV_NFE","Chave da Nota Fiscal Eletrônica (modelo 55)","C","044*","-","OC","",""
"E990","01","REG","Texto fixo contendo ""E990""","C","004","-","O","",""
"E990","02","QTD_LIN_E","Quantidade total de linhas do Bloco E","N","-","-","O","",""
"G001","01","REG","Texto fixo contendo ""G001""","C","004*","-","O","",""
"G001","02","IND_MOV","Indicador de movimento: 0- Bloco com dados informados; 1- Bloco sem dados informados","C","001*","-","O","",""
"G110","01","REG","Texto fixo contendo ""G110""","C","004*","-","O","",""
"G110","02","DT_INI","Data inicial a que a apuração se refere","N","008*","-","O","",""
"G110","03","DT_FIN","Data final a que a apuração se refere","N","008*","-","O","",""
"G110","04","SALDO_IN_ICMS","Saldo inicial de ICMS do CIAP, composto por ICMS de bens que entraram anteriormente ao período de apuração (somatório dos campos 05 a 08 dos registros G125)","N","-","02","O","",""
"G110","05","SOM_PARC","Somatório das parcelas de ICMS passível de apropriação de cada bem (campo 10 do G125)","N","-","02","O","",""
"G110","06","VL_TRIB_EXP","Valor do somatório das saídas tributadas e saídas para exportação","N","-","02","O","",""
"G110","07","VL_TOTAL","Valor total de saídas","N","-","02","O","",""
"G110","08","IND_PER_SAI","Índice de participação do valor do somatório das saídas tributadas e saídas para exportação no valor total de saídas (Campo 06 dividido pelo campo 07)","N","-","08","O","",""
"G110","09","ICMS_APROP","Valor de ICMS a ser apropriado na apuração do ICMS, correspondente à multiplicação do campo 05 pelo campo 08.","N","-","02","O","",""
"G110","10","SOM_ICMS_OC","Valor de outros créditos a ser apropriado na Apuração do ICMS, correspondente ao somatório do campo 09 do registro G126.","N","-","02","O","",""
"G125","01","REG","Texto fixo contendo ""G125""","C","004*","-","O","",""
"G125","02","COD_IND_BEM","Código individualizado do bem ou componente adotado no controle patrimonial do estabelecimento informante","C","060","-","O","",""
"G125","03","DT_MOV","Data da movimentação ou do saldo inicial","N","008*","-","O","",""
"G125","04","TIPO_MOV","Tipo de movimentação do bem ou componente: SI = Saldo inicial de bens imobilizados; IM = Imobilização de bem individual; IA = Imobilização em Andamento - Componente; CI = Conclusão de Imobilização em Andamento – Bem Resultante; MC = Imobilização oriunda do Ativo Circulante; BA = Baixa do bem - Fim do período de apropriação; AT = Alienação ou Transferência; PE = Perecimento, Extravio ou Deterioração; OT = Outras Saídas do Imobilizado","C","002*","-","O","",""
"G125","05","VL_IMOB_ICMS_ OP","Valor do ICMS da Operação Própria na entrada do bem ou componente","N","-","02","OC","",""
"G125","06","VL_IMOB_ICMS_ ST","Valor do ICMS da Oper. por Sub. Tributária na entrada do bem ou componente","N","-","02","OC","",""
"G125","07","VL_IMOB_ICMS_ FRT","Valor do ICMS sobre Frete do Conhecimento de Transporte na entrada do bem ou componente","N","-","02","OC","",""
"G125","08","VL_IMOB_ICMS_ DIF","Valor do ICMS - Diferencial de Alíquota, conforme Doc. de Arrecadação, na entrada do bem ou componente","N","-","02","OC","",""
"G125","09","NUM_PARC","Número da parcela do ICMS","N","003","-","OC","",""
"G125","10","VL_PARC_PASS","Valor da parcela de ICMS passível de apropriação (antes da aplicação da participação percentual do valor das saídas tributadas/exportação sobre as saídas totais)","N","-","02","OC","",""
"G126","01","REG","Texto fixo contendo ""G126""","C","004*","-","O","",""
"G126","02","DT_INI","Data inicial do período de apuração","N","008*","-","O","",""
"G126","03","DT_FIM","Data final do período de apuração","N","008*","","O","",""
"G126","04","NUM_PARC","Número da parcela do ICMS","N","003","-","O","",""
"G126","05","VL_PARC_PASS","Valor da parcela de ICMS passível de apropriação - antes da aplicação da participação percentual do valor das saídas tributadas/exportação sobre as saídas totais","N","-","02","O","",""
"G126","06","VL_TRIB_OC","Valor do somatório das saídas tributadas e saídas para exportação no período indicado neste registro","N","-","02","O","",""
"G126","07","VL_TOTAL","Valor total de saídas no período indicado neste registro","N","-","02","O","",""
"G126","08","IND_PER_SAI","Índice de participação do valor do somatório das saídas tributadas e saídas para exportação no valor total de saídas (Campo 06 dividido pelo campo 07)","N","-","08","O","",""
"G126","09","VL_PARC_APROP","Valor de outros créditos de ICMS a ser apropriado na apuração (campo 05 vezes o campo 08)","N","-","02","O","",""
"G130","01","REG","Texto fixo contendo ""G130""","C","004","-","O","",""
"G130","02","IND_EMIT","Indicador do emitente do documento fiscal: 0- Emissão própria; 1- Terceiros","C","001*","-","O","",""
"G130","03","COD_PART","Código do participante: - do emitente do documento ou do remetente das mercadorias, no caso de entradas; - do adquirente, no caso de saídas","C","060","-","O","",""
"G130","04","COD_MOD","Código do modelo de documento fiscal, conforme tabela 4.1.1","C","002*","-","O","",""
"G130","05","SERIE","Série do documento fiscal","C","003","-","OC","",""
"G130","06","NUM_DOC","Número de documento fiscal","N","009","-","O","",""
"G130","07","CHV_NFE_CTE","Chave do documento fiscal eletrônico","C","044*","-","OC","",""
"G130","08","DT_DOC","Data da emissão do documento fiscal","N","008*","-","O","",""
"G130","09","NUM_DA","Número do documento de arrecadação estadual, se houver","C","-","-","OC","",""
"G140","01","REG","Texto fixo contendo ""G140""","C","004","-","O","",""
"G140","02","NUM_ITEM","Número sequencial do item no documento fiscal","N","003","-","O","",""
"G140","03","COD_ITEM","Código correspondente do bem no documento fiscal (campo 02 do registro 0200)","C","060","-","O","",""
"G140","04","QTDE","Quantidade, deste item da nota fiscal, que foi aplicada neste bem, expressa na mesma unidade constante no documento fiscal de entrada","N","-","05","O","",""
"G140","05","UNID","Unidade do item constante no documento fiscal de entrada","C","6","-","O","",""
"G140","06","VL_ICMS_OP_APLICADO","Valor do ICMS da Operação Própria na entrada do item, proporcional à quantidade aplicada no bem componente.","N","-","02","O","",""
"G140","07","VL_ICMS_ST_APLICADO","Valor do ICMS ST na entrada do item, proporcional à quantidade aplicada no bem ou componente.","N","-","02","O","",""
"G140","08","VL_ICMS_FRT_APLICADO","Valor do ICMS sobre Frete do Conhecimento de Transporte na entrada do item, proporcional quantidade aplicada no bem ou componente.","N","-","02","O","",""
"G140","09","VL_ICMS_DIF_APLICADO","Valor do ICMS Diferencial de Alíquota, na entrada do item, proporcional à quantidade aplicada no bem ou componente.","N","-","02","O","",""
"G990","01","REG","Texto fixo contendo ""G990""","C","004*","-","O","",""
"G990","02","QTD_LIN_G","Quantidade total de linhas do Bloco G","N","-","-","O","",""
"H001","01","REG","Texto fixo contendo ""H001""","C","004","-","O","",""
"H001","02","IND_MOV","Indicador de movimento: 0- Bloco com dados informados; 1- Bloco sem dados informados","C","001*","-","O","",""
"H005","01","REG","Texto fixo contendo ""H005""","C","004","-","O","",""
"H005","02","DT_INV","Data do inventário","N","008*","-","O","",""
"H005","03","VL_INV","Valor total do estoque","N","-","02","O","",""
"H005","04","MOT_INV","Informe o motivo do Inventário: 01 – No final no período; 02 – Na mudança de forma de tributação da mercadoria (ICMS); 03 – Na solicitação da baixa cadastral, paralisação temporária e outras situações; 04 – Na alteração de regime de pagamento – condição do contribuinte; 05 – Por determinação dos fiscos; 06 – Para controle das mercadorias sujeitas ao regime de substituição tributária – restituição/ ressarcimento/ complementação.","C","002*","-","O","",""
"H010","01","REG","Texto fixo contendo ""H010""","C","004","-","O","",""
"H010","02","COD_ITEM","Código do item (campo 02 do Registro 0200)","C","060","-","O","",""
"H010","03","UNID","Unidade do item","C","006","-","O","",""
"H010","04","QTD","Quantidade do item","N","-","03","O","",""
"H010","05","VL_UNIT","Valor unitário do item","N","-","06","O","",""
"H010","06","VL_ITEM","Valor do item","N","-","02","O","",""
"H010","07","IND_PROP","Indicador de propriedade/posse do item: 0- Item de propriedade do informante e em seu poder; 1- Item de propriedade do informante em posse de terceiros; 2- Item de propriedade de terceiros em posse do informante","C","001*","-","O","",""
"H010","08","COD_PART","Código do participante (campo 02 do Registro 0150): - proprietário/possuidor que não seja o informante do arquivo","C","060","-","OC","",""
"H010","09","TXT_COMPL","Descrição complementar.","C","-","-","OC","",""
"H010","10","COD_CTA","Código da conta analítica contábil debitada/creditada","C","-","-","OC","",""
"H010","11","VL_ITEM_IR","Valor do item para efeitos do Imposto de Renda.","N","-","02","OC","",""
"H020","01","REG","Texto fixo contendo ""H020""","C","004","-","O","",""
"H020","02","CST_ICMS","Código da Situação Tributária referente ao ICMS, conforme a Tabela indicada no item 4.3.1","N","003*","-","O","",""
"H020","03","BC_ICMS","Informe a base de cálculo do ICMS","N","-","02","O","",""
"H020","04","VL_ICMS","Informe o valor do ICMS a ser debitado ou creditado","N","","02","O","",""
"H030","01","REG","Texto fixo contendo ""H030""","C","004","-","O","",""
"H030","02","VL_ICMS_OP","Valor médio unitário do ICMS OP","N","-","06","O","",""
"H030","03","VL_BC_ICMS_ST","Valor médio unitário da base de cálculo do ICMS ST","N","-","06","O","",""
"H030","04","VL_ICMS_ST","Valor médio unitário do ICMS ST","N","-","06","O","",""
"H030","05","VL_FCP","Valor médio unitário do FCP","N","-","06","O","",""
"H990","01","REG","Texto fixo contendo ""H990""","C","004","-","O","",""
"H990","02","QTD_LIN_H","Quantidade total de linhas do Bloco H","N","-","-","O","",""
"K001","01","REG","Texto fixo contendo ""K001""","C","004","-","O","",""
"K001","02","IND_MOV","Indicador de movimento: 0- Bloco com dados informados; 1- Bloco sem dados informados","C","001*","-","O","",""
"K010","01","REG","Texto fixo contendo ""K010""","C","004","-","O","",""
"K010","02","IND_TP_LEIAUTE","Indicador de tipo de leiaute adotado: 0 – Leiaute simplificado 1 - Leiaute completo 2 – Leiaute restrito aos saldos de estoque","C","001*","-","O","",""
"K100","01","REG","Texto fixo contendo ""K100""","C","4","-","O","",""
"K100","02","DT_INI","Data inicial a que a apuração se refere","N","8","-","O","",""
"K100","03","DT_FIN","Data final a que a apuração se refere","N","8","-","O","",""
"K200","01","REG","Texto fixo contendo ""K200""","C","4","-","O","",""
"K200","02","DT_EST","Data do estoque final","N","8","-","O","",""
"K200","03","COD_ITEM","Código do item (campo 02 do Registro 0200)","C","60","-","O","",""
"K200","04","QTD","Quantidade em estoque","N","-","3","O","",""
"K200","05","IND_EST","Indicador do tipo de estoque: 0 - Estoque de propriedade do informante e em seu poder;","C","1","-","O","",""
"K200","06","COD_PART","Código do participante (campo 02 do Registro 0150): - proprietário/possuidor que não seja o informante do arquivo","C","60","-","OC","",""
"K210","01","REG","Texto fixo contendo ""K210""","C","004","-","O","",""
"K210","02","DT_INI_OS","Data de início da ordem de serviço","N","008*","-","OC","",""
"K210","03","DT_FIN_OS","Data de conclusão da ordem de serviço","N","008*","-","OC","",""
"K210","04","COD_DOC_OS","Código de identificação da ordem de serviço","C","030","-","OC","",""
"K210","05","COD_ITEM_ORI","Código do item de origem (campo 02 do Registro 0200)","C","060","-","O","",""
"K210","06","QTD_ORI","Quantidade de origem – saída do estoque","N","-","6","O","",""
"K215","01","REG","Texto fixo contendo ""K215""","C","004","-","O","",""
"K215","02","COD_ITEM_DES","Código do item de destino (campo 02 do Registro 0200)","C","060","-","O","",""
"K215","03","QTD_DES","Quantidade de destino – entrada em estoque","N","-","6","O","",""
"K220","01","REG","Texto fixo contendo ""K220""","C","4","-","O","",""
"K220","02","DT_MOV","Data da movimentação interna","N","8","-","O","",""
"K220","03","COD_ITEM_ORI","Código do item de origem (campo 02 do Registro 0200)","C","60","-","O","",""
"K220","04","COD_ITEM_DEST","Código do item de destino (campo 02 do Registro 0200)","C","60","-","O","",""
"K220","05","QTD_ORI","Quantidade movimentada do item de origem","N","-","6","O","",""
"K220","06","QTD_DEST","Quantidade movimentada do item de destino","N","-","6","O","",""
"K230","01","REG","Texto fixo contendo ""K230""","C","4","-","O","",""
"K230","02","DT_INI_OP","Data de início da ordem de produção","N","8","-","OC","",""
"K230","03","DT_FIN_OP","Data de conclusão da ordem de produção","N","8","-","OC","",""
"K230","04","COD_DOC_OP","Código de identificação da ordem de produção","C","30","-","OC","",""
"K230","05","COD_ITEM","Código do item produzido (campo 02 do Registro 0200)","C","60","-","O","",""
"K230","06","QTD_ENC","Quantidade de produção acabada","N","-","6","O","",""
"K235","01","REG","Texto fixo contendo ""K235""","C","4","-","O","",""
"K235","02","DT_SAÍDA","Data de saída do estoque para alocação ao produto","N","8","-","O","",""
"K235","03","COD_ITEM","Código do item componente/insumo (campo 02 do Registro 0200)","C","60","-","O","",""
"K235","04","QTD","Quantidade consumida do item","N","-","6","O","",""
"K235","05","COD_INS_SUBS T","Código do insumo que foi substituído, caso ocorra a substituição (campo 02 do Registro 0210)","C","60","-","OC","",""
"K250","01","REG","Texto fixo contendo ""K250""","C","4","-","O","",""
"K250","02","DT_PROD","Data do reconhecimento da produção ocorrida no terceiro","N","8","-","O","",""
"K250","03","COD_ITEM","Código do item produzido (campo 02 do Registro 0200)","C","60","-","O","",""
"K250","04","QTD","Quantidade produzida","N","-","6","O","",""
"K255","01","REG","Texto fixo contendo ""K255""","C","4","-","O","",""
"K255","02","DT_CONS","Data do reconhecimento do consumo do insumo referente ao produto informado no campo 04 do Registro K250","N","8","-","O","",""
"K255","03","COD_ITEM","Código do insumo (campo 02 do Registro 0200)","C","60","-","O","",""
"K255","04","QTD","Quantidade de consumo do insumo.","N","-","6","O","",""
"K255","05","COD_INS_SUBS T","Código do insumo que foi substituído, caso ocorra a substituição (campo 02 do Registro 0210)","C","60","-","OC","",""
"K260","01","REG","Texto fixo contendo ""K260""","C","004","-","O","",""
"K260","02","COD_OP_OS","Código de identificação da ordem de produção, no reprocessamento, ou da ordem de serviço, no reparo","C","030","-","OC","",""
"K260","03","COD_ITEM","Código do produto/insumo a ser reprocessado/reparado ou já reprocessado/reparado (campo 02 do Registro 0200)","C","060","-","O","",""
"K260","04","DT_SAÍDA","Data de saída do estoque","N","008*","-","O","",""
"K260","05","QTD_SAÍDA","Quantidade de saída do estoque","N","-","6","O","",""
"K260","06","DT_RET","Data de retorno ao estoque (entrada)","N","008*","-","OC","",""
"K260","07","QTD_RET","Quantidade de retorno ao estoque (entrada)","N","-","6","OC","",""
"K265","01","REG","Texto fixo contendo ""K265""","C","004","-","O","",""
"K265","02","COD_ITEM","Código da mercadoria (campo 02 do Registro 0200)","C","060","-","O","",""
"K265","03","QTD_CONS","Quantidade consumida – saída do estoque","N","-","6","OC","",""
"K265","04","QTD_RET","Quantidade retornada – entrada em estoque","N","-","6","OC","",""
"K270","01","REG","Texto fixo contendo ""K270""","C","004","-","O","",""
"K270","02","DT_INI_AP","Data inicial do período de apuração em que ocorreu o apontamento que está sendo corrigido","N","008*","-","OC","",""
"K270","03","DT_FIN_AP","Data final do período de apuração em que ocorreu o apontamento que está sendo corrigido","N","008*","-","OC","",""
"K270","04","COD_OP_OS","Código de identificação da ordem de produção ou da ordem de serviço que está sendo corrigida","C","030","-","OC","",""
"K270","05","COD_ITEM","Código da mercadoria que está sendo corrigido (campo 02 do Registro 0200)","C","060","-","O","",""
"K270","06","QTD_COR_POS","Quantidade de correção positiva de apontamento ocorrido em período de apuração anterior","N","-","6","OC","",""
"K270","07","QTD_COR_NEG","Quantidade de correção negativa de apontamento ocorrido em período de apuração anterior","N","-","6","OC","",""
"K270","08","ORIGEM","1 – correção de apontamento de produção e/ou consumo relativo aos Registros K230/K235; 2 – correção de apontamento de produção e/ou consumo relativo aos Registros K250/K255; 3 – correção de apontamento de desmontagem e/ou consumo relativo aos Registros K210/K215; 4 – correção de apontamento de reprocessamento/reparo e/ou consumo relativo aos Registros K260/K265; 5 – correção de apontamento de movimentação interna relativo ao Registro K220. 6 – correção de apontamento de produção relativo ao Registro K291; 7 – correção de apontamento de consumo relativo ao Registro K292; 8 – correção de apontamento de produção relativo ao Registro K301; 9 – correção de apontamento de consumo relativo ao Registro K302.","C","001","-","O","",""
"K275","01","REG","Texto fixo contendo ""K275""","C","004","-","O","",""
"K275","02","COD_ITEM","Código da mercadoria (campo 02 do Registro 0200)","C","060","-","O","",""
"K275","03","QTD_COR_POS","Quantidade de correção positiva de apontamento ocorrido em período de apuração anterior","N","-","6","OC","",""
"K275","04","QTD_COR_NEG","Quantidade de correção negativa de apontamento ocorrido em período de apuração anterior","N","-","6","OC","",""
"K275","05","COD_INS_SUBST","Código do insumo que foi substituído, caso ocorra a substituição, relativo aos Registros K235/K255.","C","060","-","OC","",""
"K280","01","REG","Texto fixo contendo ""K280""","C","004","-","O","",""
"K280","02","DT_EST","Data do estoque final escriturado que está sendo corrigido","N","008*","-","O","",""
"K280","03","COD_ITEM","Código do item (campo 02 do Registro 0200)","C","060","-","O","",""
"K280","04","QTD_COR_POS","Quantidade de correção positiva de apontamento ocorrido em período de apuração anterior","N","-","3","OC","",""
"K280","05","QTD_COR_NEG","Quantidade de correção negativa de apontamento ocorrido em período de apuração anterior","N","-","3","OC","",""
"K280","06","IND_EST","Indicador do tipo de estoque: 0 = Estoque de propriedade do informante e em seu poder; 1 = Estoque de propriedade do informante e em posse de terceiros; 2 = Estoque de propriedade de terceiros e em posse do informante","C","001","-","O","",""
"K280","07","COD_PART","Código do participante (campo 02 do Registro 0150): - proprietário/possuidor que não seja o informante do arquivo","C","060","-","OC","",""
"K290","01","REG","Texto fixo contendo ""K290""","C","4","-","O","",""
"K290","02","DT_INI_OP","Data de início da ordem de produção","N","8","-","OC","",""
"K290","03","DT_FIN_OP","Data de conclusão da ordem de produção","N","8","-","OC","",""
"K290","04","COD_DOC_OP","Código de identificação da ordem de produção","C","30","-","OC","",""
"K291","01","REG","Texto fixo contendo ""K291""","C","4","-","O","",""
"K291","02","COD_ITEM","Código do item produzido (campo 02 do Registro 0200)","C","60","-","O","",""
"K291","03","QTD","Quantidade de produção acabada","N","-","6","O","",""
"K292","01","REG","Texto fixo contendo ""K292""","C","4","-","O","",""
"K292","02","COD_ITEM","Código do insumo/componente consumido (campo 02 do Registro 0200)","C","60","-","O","",""
"K292","03","QTD","Quantidade consumida","N","-","6","O","",""
"K300","01","REG","Texto fixo contendo ""K300""","C","4","-","O","",""
"K300","02","DT_PROD","Data do reconhecimento da produção ocorrida no terceiro","N","8","-","O","",""
"K301","01","REG","Texto fixo contendo ""K301""","C","4","-","O","",""
"K301","02","COD_ITEM","Código do item produzido (campo 02 do Registro 0200)","C","60","-","O","",""
"K301","03","QTD","Quantidade produzida","N","-","6","O","",""
"K302","01","REG","Texto fixo contendo ""K302""","C","4","-","O","",""
"K302","02","COD_ITEM","Código do insumo (campo 02 do Registro 0200)","C","60","-","O","",""
"K302","03","QTD","Quantidade consumida","N","-","6","O","",""
"K990","01","REG","Texto fixo contendo ""K990""","C","004","-","O","",""
"K990","02","QTD_LIN_K","Quantidade total de linhas do Bloco K","N","-","-","O","",""
"1001","01","REG","Texto fixo contendo ""1001""","C","004","-","O","",""
"1001","02","IND_MOV","Indicador de movimento: 0- Bloco com dados informados; 1- Bloco sem dados informados","N","001*","-","O","",""
"1010","01","REG","Texto fixo contendo ""1010""","C","004*","-","O","",""
"1010","02","IND_EXP","Reg. 1100 - Ocorreu averbação (conclusão) de exportação no período: S – Sim N - Não","C","001*","-","O","",""
"1010","03","IND_CCRF","Reg 1200 – Existem informações acerca de créditos de ICMS a serem controlados, definidos pela Sefaz: S – Sim N - Não","C","001*","-","O","",""
"1010","04","IND_COMB","Reg. 1300 – É comércio varejista de combustíveis com movimentação e/ou estoque no período: S – Sim N - Não","C","001*","-","O","",""
"1010","05","IND_USINA","Reg. 1390 – Usinas de açúcar e/álcool – O estabelecimento é produtor de açúcar e/ou álcool carburante com movimentação e/ou estoque no período: S – Sim N - Não","C","001*","-","O","",""
"1010","06","IND_VA","Reg 1400 - Sendo o registro obrigatório em sua Unidade de Federação, existem informações a serem prestadas neste registro: S – Sim; N - Não","C","001*","-","O","",""
"1010","07","IND_EE","Reg 1500 - A empresa é distribuidora de energia e ocorreu fornecimento de energia elétrica para consumidores de outra UF: S – Sim; N - Não","C","001*","-","O","",""
"1010","08","IND_CART","Reg 1601 - Realizou vendas com instrumentos eletrônicos de pagamento: S – Sim; N - Não","C","001*","-","O","",""
"1010","09","IND_FORM","Reg. 1700 - Foram emitidos documentos fiscais em papel no período em unidade da federação que exija o controle de utilização de documentos fiscais: S – Sim N - Não","C","001*","-","O","",""
"1010","10","IND_AER","Reg 1800 - A empresa prestou serviços de transporte aéreo de cargas e de passageiros: S – Sim N - Não","C","001*","-","O","",""
"1010","11","IND_GIAF1","Reg. 1960 - Possui informações GIAF1? S – Sim; N – Não.","C","001*","-","O","",""
"1010","12","IND_GIAF3","Reg. 1970 - Possui informações GIAF3? S – Sim; N – Não.","C","001*","-","O","",""
"1010","13","IND_GIAF4","Reg. 1980 - Possui informações GIAF4? S – Sim; N – Não.","C","001*","-","O","",""
"1010","14","IND_REST_RESSARC _COMPL_ICMS","Reg. 1250 – Possui informações consolidadas de saldos de restituição, ressarcimento e complementação do ICMS?","C","001*","-","O","",""
"1100","01","REG","Texto fixo contendo “1100”","C","004","-","O","",""
"1100","02","IND_DOC","Informe o tipo de documento: 0 – Declaração de Exportação; 1 – Declaração Simplificada de Exportação; 2 – Declaração Única de Exportação.","N","001*","-","O","",""
"1100","03","NRO_DE","Número da declaração","C","014","-","O","",""
"1100","04","DT_DE","Data da declaração (DDMMAAAA)","N","008*","-","O","",""
"1100","05","NAT_EXP","Preencher com: 0 - Exportação Direta 1 - Exportação Indireta","N","001*","-","O","",""
"1100","06","NRO_RE","Nº do registro de Exportação","N","012","-","OC","",""
"1100","07","DT_RE","Data do Registro de Exportação (DDMMAAAA)","N","008*","-","OC","",""
"1100","08","CHC_EMB","Nº do conhecimento de embarque","C","018","-","OC","",""
"1100","09","DT_CHC","Data do conhecimento de embarque (DDMMAAAA)","N","008*","-","OC","",""
"1100","10","DT_AVB","Data da averbação da Declaração de exportação (ddmmaaaa)","N","008*","-","O","",""
"1100","11","TP_CHC","Informação do tipo de conhecimento de embarque: 01 – AWB; 02 – MAWB; 03 – HAWB; 04 – COMAT; 06 – R. EXPRESSAS; 07 – ETIQ. REXPRESSAS; 08 – HR. EXPRESSAS; 09 – AV7; 10 – BL; 11 – MBL; 12 – HBL; 13 – CRT; 14 – DSIC; 16 – COMAT BL;","N","002*","-","O","",""
"1100","12","PAIS","Código do país de destino da mercadoria (Preencher conforme tabela do SISCOMEX)","N","003","-","O","",""
"1105","01","REG","Texto fixo contendo ""1105""","C","004","-","O","",""
"1105","02","COD_MOD","Código do modelo da NF, conforme tabela 4.1.1","C","002*","-","O","",""
"1105","03","SERIE","Série da Nota Fiscal","C","003","-","OC","",""
"1105","04","NUM_DOC","Número de Nota Fiscal de Exportação emitida pelo Exportador","N","009","-","O","",""
"1105","05","CHV_NFE","Chave da Nota Fiscal Eletrônica","C","044*","-","OC","",""
"1105","06","DT_DOC","Data da emissão da NF de exportação","N","008*","-","O","",""
"1105","07","COD_ITEM","Código do item (campo 02 do Registro 0200)","C","060","-","O","",""
"1110","01","REG","Texto fixo contendo ""1110""","C","004","-","O","",""
"1110","02","COD_PART","Código do participante-Fornecedor da Mercadoria destinada à exportação (campo 02 do Registro 0150)","C","060","-","O","",""
"1110","03","COD_MOD","Código do documento fiscal, conforme a Tabela 4.1.1","C","002*","-","O","",""
"1110","04","SER","Série do documento fiscal recebido com fins específicos de exportação.","C","004","-","OC","",""
"1110","05","NUM_DOC","Número do documento fiscal recebido com fins específicos de exportação.","N","009","-","O","",""
"1110","06","DT_DOC","Data da emissão do documento fiscal recebido com fins específicos de exportação","N","008*","-","O","",""
"1110","07","CHV_NFE","Chave da Nota Fiscal Eletrônica","C","044*","-","OC","",""
"1110","08","NR_ MEMO","Número do Memorando de Exportação","N","-","-","OC","",""
"1110","09","QTD","Quantidade do item efetivamente exportado.","N","-","03","O","",""
"1110","10","UNID","Unidade do item  (Campo 02 do registro 0190)","C","006","-","O","",""
"1200","01","REG","Texto fixo contendo ""1200""","C","004","-","O","",""
"1200","02","COD_AJ_APUR","Código de ajuste, conforme informado na Tabela indicada no item 5.1.1.","C","008*","-","O","",""
"1200","03","SLD_CRED","Saldo de créditos fiscais de períodos anteriores","N","-","02","O","",""
"1200","04","CRED_APR","Total de crédito apropriado no mês","N","-","02","O","",""
"1200","05","CRED_RECEB","Total de créditos recebidos por transferência","N","-","02","O","",""
"1200","06","CRED_UTIL","Total de créditos utilizados no período","N","-","02","O","",""
"1200","07","SLD_CRED_FIM","Saldo de crédito fiscal acumulado a transportar para o período seguinte","N","-","02","O","",""
"1210","01","REG","Texto fixo contendo ""1210""","C","004","-","O","",""
"1210","02","TIPO_UTIL","Tipo de utilização do crédito, conforme tabela indicada no item 5.5.","C","004*","-","O","",""
"1210","03","NR_DOC","Número do documento utilizado na baixa de créditos","C","-","-","OC","",""
"1210","04","VL_CRED_UTIL","Total de crédito utilizado","N","-","02","O","",""
"1210","05","CHV_DOCe","Chave do Documento Eletrônico","C","044*","-","OC","",""
"1250","01","REG","Texto fixo contendo ""1250”","C","004","-","O","",""
"1250","02","VL_CREDITO_ICMS_OP","Informar o valor total do ICMS operação própria que o informante tem direito ao crédito, na forma prevista na legislação, referente às hipóteses de restituição em que há previsão deste crédito.","N","-","02","O","",""
"1250","03","VL_ICMS_ST_REST","Informar o valor total do ICMS ST que o informante tem direito ao crédito, na forma prevista na legislação, referente às hipóteses de restituição em que há previsão deste crédito.","N","-","02","O","",""
"1250","04","VL_FCP_ST_REST","Informar o valor total do FCP_ST agregado ao valor do ICMS ST informado no campo “VL_ICMS_ST_REST”.","N","-","02","O","",""
"1250","05","VL_ICMS_ST_COMPL","Informar o valor total do débito referente ao complemento do imposto, nos casos previstos na legislação.","N","-","02","O","",""
"1250","06","VL_FCP_ST_COMPL","Informar o valor total do FCP_ST agregado ao valor informado no campo “VL_ICMS_ST_COMPL”","N","-","02","O","",""
"1255","01","REG","Texto fixo contendo “1255”","C","004","-","O","",""
"1255","02","COD_MOT_REST_COMPL","Código do motivo da restituição ou complementação conforme Tabela 5.7","C","005*","02","O","",""
"1255","03","VL_CREDITO_ICMS_OP_MOT","Informar o valor total do ICMS operação própria que o informante tem direito ao crédito, na forma prevista na legislação, referente às hipóteses de restituição em que há previsão deste crédito, para o mesmo “COD_MOT_REST_COMPL”","N","-","02","O","",""
"1255","04","VL_ICMS_ST_REST_MOT","Informar o valor total do ICMS ST que o informante tem direito ao crédito, na forma prevista na legislação, referente às hipóteses de restituição em que há previsão deste crédito, para o mesmo “COD_MOT_REST_COMPL”","N","-","02","O","",""
"1255","05","VL_FCP_ST_REST_MOT","Informar o valor total do FCP_ST agregado ao valor do ICMS ST informado no campo “VL_ICMS_ST_REST_MOT”","N","-","02","O","",""
"1255","06","VL_ICMS_ST_COMPL_MOT","Informar o valor total do débito referente complemento do imposto, nos casos previstos na legislação, para o mesmo “COD_MOT_REST_COMPL”","N","-","02","O","",""
"1255","07","VL_FCP_ST_COMPL_MOT","Informar o valor total do FCP_ST agregado ao valor informado no campo “VL_ICMS_ST_COMPL_MOT”","N","-","02","O","",""
"1300","01","REG","Texto fixo contendo ""1300""","C","004","-","O","",""
"1300","02","COD_ITEM","Código do Produto, constante do registro 0200","C","060","-","O","",""
"1300","03","DT_FECH","Data do fechamento da movimentação","N","008*","-","O","",""
"1300","04","ESTQ_ABERT","Estoque no início do dia, em litros","N","-","03","O","",""
"1300","05","VOL_ENTR","Volume Recebido no dia (em litros)","N","-","03","O","",""
"1300","06","VOL_DISP","Volume Disponível (04 + 05), em litros","N","-","03","O","",""
"1300","07","VOL_SAIDAS","Volume Total das Saídas, em litros","N","-","03","O","",""
"1300","08","ESTQ_ESCR","Estoque Escritural (06 – 07), litros","N","-","03","O","",""
"1300","09","VAL_AJ_PERDA","Valor da Perda, em litros","N","-","03","O","",""
"1300","10","VAL_AJ_GANHO","Valor do ganho, em litros","N","-","03","O","",""
"1300","11","FECH_FISICO","Estoque de Fechamento, em litros","N","-","03","O","",""
"1310","01","REG","Texto fixo contendo ""1310""","C","004","-","O","",""
"1310","02","NUM_TANQUE","Tanque que armazena o combustível.","C","003","-","O","",""
"1310","03","ESTQ_ABERT","Estoque no início do dia, em litros","N","-","03","O","",""
"1310","04","VOL_ENTR","Volume Recebido no dia (em litros)","N","-","03","O","",""
"1310","05","VOL_DISP","Volume Disponível (03 + 04), em litros","N","-","03","O","",""
"1310","06","VOL_SAIDAS","Volume Total das Saídas, em litros","N","-","03","O","",""
"1310","07","ESTQ_ESCR","Estoque Escritural(05 – 06), litros","N","-","03","O","",""
"1310","08","VAL_AJ_PERDA","Valor da Perda, em litros","N","-","03","O","",""
"1310","09","VAL_AJ_GANHO","Valor do ganho, em litros","N","-","03","O","",""
"1310","10","FECH_FISICO","Volume aferido no tanque, em litros. Estoque de fechamento físico do tanque.","N","-","03","O","",""
"1310","11","CAP_TANQUE","Capacidade de armazenagem, em litros","N","006","-","O","",""
"1320","01","REG","Texto fixo contendo ""1320""","C","004","-","O","",""
"1320","02","NUM_BICO","Bico Ligado à Bomba","N","-","-","O","",""
"1320","03","NR_INTERV","Número da intervenção","N","-","-","OC","",""
"1320","04","MOT_INTERV","Motivo da Intervenção","C","050","-","OC","",""
"1320","05","NOM_INTERV","Nome do Interventor","C","030","-","OC","",""
"1320","06","CNPJ_INTERV","CNPJ da empresa responsável pela intervenção","C","014*","-","OC","",""
"1320","07","CPF_INTERV","CPF do técnico responsável pela intervenção","N","011*","-","OC","",""
"1320","08","VAL_FECHA","Valor da leitura final do contador, no fechamento do bico.","N","-","03","O","",""
"1320","09","VAL_ABERT","Valor da leitura inicial do contador, na abertura do bico.","N","-","03","O","",""
"1320","10","VOL_AFERI","Aferições da Bomba, em litros","N","-","03","OC","",""
"1320","11","VOL_VENDAS","Vendas (08 – 09 - 10 ) do bico, em litros","N","-","03","O","",""
"1350","01","REG","Texto fixo contendo ""1350""","C","004","-","O","",""
"1350","02","SERIE","Número de Série da Bomba","C","-","-","O","",""
"1350","03","FABRICANTE","Nome do Fabricante da Bomba","C","060","-","O","",""
"1350","04","MODELO","Modelo da Bomba","C","-","-","O","",""
"1350","05","TIPO_MEDICAO","Identificador de medição: 0 – analógico 1 – digital","C","001","-","O","",""
"1360","01","REG","Texto fixo contendo ""1360""","C","004","-","O","",""
"1360","02","NUM_LACRE","Número do Lacre associado na Bomba","C","020","-","O","",""
"1360","03","DT_APLICACAO","Data de aplicação do Lacre","N","008*","-","O","",""
"1370","01","REG","Texto fixo contendo ""1370""","C","004","-","O","",""
"1370","02","NUM_BICO","Número sequencial do bico ligado a bomba","N","003","-","O","",""
"1370","03","COD_ITEM","Código do Produto, constante do registro 0200","C","060","-","O","",""
"1370","04","NUM_TANQUE","Tanque que armazena o combustível.","C","003","-","O","",""
"1390","01","REG","Texto fixo contendo ""1390""","C","004","-","O","",""
"1390","02","COD_PROD","Código do produto conforme tabela 5.8","N","002*","-","O","",""
"1391","01","REG","Texto fixo contendo ""1391""","C","004","-","O","",""
"1391","02","DT_REGISTRO","Data de produção (DDMMAAAA)","C","008*","-","O","",""
"1391","03","QTD_MOID","Quantidade de insumo esmagado (toneladas)","N","-","02","OC","",""
"1391","04","ESTQ_INI","Estoque inicial (litros / kg)","N","-","02","O","",""
"1391","05","QTD_PRODUZ","Quantidade produzida (litros / kg)","N","-","02","OC","",""
"1391","06","ENT_ANID_HID","Entrada de álcool anidro decorrente da transformação do álcool hidratado ou Entrada de álcool hidratado decorrente da transformação do álcool anidro (litros)","N","-","02","OC","",""
"1391","07","OUTR_ENTR","Outras entradas (litros / kg)","N","-","02","OC","",""
"1391","08","PERDA","Evaporação (litros) ou Quebra de peso (kg)","N","-","02","OC","",""
"1391","09","CONS","Consumo (litros)","N","-","02","OC","",""
"1391","10","SAI_ANI_HID","Saída para transformação (litros).","N","-","02","OC","",""
"1391","11","SAÍDAS","Saídas (litros / kg)","N","-","02","OC","",""
"1391","12","ESTQ_FIN","Estoque final (litros / kg)","N","-","02","O","",""
"1391","13","ESTQ_INI_MEL","Estoque inicial de mel residual (kg)","N","-","02","OC","",""
"1391","14","PROD_DIA_MEL","Produção de mel residual (kg) e entradas de mel (kg)","N","-","02","OC","",""
"1391","15","UTIL_MEL","Mel residual utilizado (kg) e saídas de mel (kg)","N","-","02","OC","",""
"1391","16","PROD_ALC_MEL","Produção de álcool (litros) ou açúcar (kg) proveniente do mel residual.","N","-","02","OC","",""
"1391","17","OBS","Observações","C","-","-","OC","",""
"1391","18","COD_ITEM","Informar o insumo conforme código do item (campo 02 do Registro 0200)","C","060","-","O","",""
"1391","19","TP_RESIDUO","Tipo de resíduo produzido: 01 - Bagaço de cana 02 - DDG 03 – WDG 04 – (DDG + WDG)","N","002*","-","O","",""
"1391","20","QTD_RESIDUO","Quantidade de resíduo produzido (toneladas)","N","-","02","O","",""
"1391","21","QTD_RESIDUO_ DDG","Quantidade de resíduo produzido de DDG (toneladas)","N","-","02","O","",""
"1391","22","QTD_RESIDUO_ WDG","Quantidade de resíduo produzido de WDG (toneladas)","N","-","02","O","",""
"1391","23","QTD_RESIDUO_ CANA","Quantidade de resíduo produzido de bagaço de cana (toneladas)","N","-","02","O","",""
"1400","01","REG","Texto fixo contendo ""1400""","C","004","-","O","",""
"1400","02","COD_ITEM_IPM","Código do item (Tabela 5.9.1 de Itens UF Índice de Participação dos Municípios ou Tabela 5.9.2 de Itens UF_ST Índice de participação dos Municípios) ou campo 02 do Registro 0200","C","060","-","O","",""
"1400","03","MUN","Código do Município de origem/destino","N","007*","-","O","",""
"1400","04","VALOR","Valor mensal correspondente ao município","N","-","2","O","",""
"1500","01","REG","Texto fixo contendo ""1500""","C","004","-","O","",""
"1500","02","IND_OPER","Indicador do tipo de operação: 1- Saída","C","001*","-","O","",""
"1500","03","IND_EMIT","Indicador do emitente do documento fiscal: 0- Emissão própria;","C","001*","-","O","",""
"1500","04","COD_PART","Código do participante (campo 02 do Registro 0150): - do adquirente, no caso das saídas.","C","060","-","O","",""
"1500","05","COD_MOD","Código do modelo do documento fiscal, conforme a Tabela 4.1.1","C","002*","-","O","",""
"1500","06","COD_SIT","Código da situação do documento fiscal, conforme a Tabela 4.1.2","N","002*","-","O","",""
"1500","07","SER","Série do documento fiscal","C","004","-","OC","",""
"1500","08","SUB","Subsérie do documento fiscal","N","003","-","OC","",""
"1500","09","COD_CONS","Código de classe de consumo de energia elétrica: 01 - Comercial 02 - Consumo Próprio 03 - Iluminação Pública 04 - Industrial 05 - Poder Público 06 - Residencial 07 - Rural 08 - Serviço Público","C","002*","-","O","",""
"1500","10","NUM_DOC","Número do documento fiscal","N","009","-","O","",""
"1500","11","DT_DOC","Data da emissão do documento fiscal","N","008*","-","O","",""
"1500","12","DT_E_S","Data da entrada ou da saída","N","008*","-","O","",""
"1500","13","VL_DOC","Valor total do documento fiscal","N","-","02","O","",""
"1500","14","VL_DESC","Valor total do desconto","N","-","02","OC","",""
"1500","15","VL_FORN","Valor total fornecido/consumido","N","-","02","O","",""
"1500","16","VL_SERV_NT","Valor total dos serviços não-tributados pelo ICMS","N","-","02","OC","",""
"1500","17","VL_TERC","Valor total cobrado em nome de terceiros","N","-","02","OC","",""
"1500","18","VL_DA","Valor total de despesas acessórias indicadas no documento fiscal","N","-","02","OC","",""
"1500","19","VL_BC_ICMS","Valor acumulado da base de cálculo do ICMS","N","-","02","OC","",""
"1500","20","VL_ICMS","Valor acumulado do ICMS","N","-","02","OC","",""
"1500","21","VL_BC_ICMS_ST","Valor acumulado da base de cálculo do ICMS substituição tributária","N","-","02","OC","",""
"1500","22","VL_ICMS_ST","Valor acumulado do ICMS retido por substituição tributária","N","-","02","OC","",""
"1500","23","COD_INF","Código da informação complementar do documento fiscal (campo 02 do Registro 0450)","C","006","-","OC","",""
"1500","24","VL_PIS","Valor do PIS","N","-","02","OC","",""
"1500","25","VL_COFINS","Valor da COFINS","N","-","02","OC","",""
"1500","26","TP_LIGACAO","Código de tipo de Ligação 1 - Monofásico 2 - Bifásico 3 - Trifásico","N","001*","-","OC","",""
"1500","27","COD_GRUPO_TENSAO","Código de grupo de tensão:","C","002*","-","OC","",""
"1510","01","REG","Texto fixo contendo ""1510""","C","004","-","O","",""
"1510","02","NUM_ITEM","Número sequencial do item no documento fiscal","N","003","-","O","",""
"1510","03","COD_ITEM","Código do item (campo 02 do Registro 0200)","C","060","-","O","",""
"1510","04","COD_CLASS","Código de classificação do item de energia elétrica, conforme a Tabela 4.4.1","N","004*","-","O","",""
"1510","05","QTD","Quantidade do item","N","-","03","OC","",""
"1510","06","UNID","Unidade do item (Campo 02 do registro 0190)","C","006","-","OC","",""
"1510","07","VL_ITEM","Valor do item","N","-","02","O","",""
"1510","08","VL_DESC","Valor total do desconto","N","-","02","OC","",""
"1510","09","CST_ICMS","Código da Situação Tributária, conforme a Tabela indicada no item 4.3.1","N","003*","-","O","",""
"1510","10","CFOP","Código Fiscal de Operação e Prestação","N","004*","-","O","",""
"1510","11","VL_BC_ICMS","Valor da base de cálculo do ICMS","N","-","02","OC","",""
"1510","12","ALIQ_ICMS","Alíquota do ICMS","N","006","02","OC","",""
"1510","13","VL_ICMS","Valor do ICMS creditado/debitado","N","-","02","OC","",""
"1510","14","VL_BC_ICMS_ST","Valor da base de cálculo referente à substituição tributária","N","-","02","OC","",""
"1510","15","ALIQ_ST","Alíquota do ICMS da substituição tributária na unidade da federação de destino","N","-","02","OC","",""
"1510","16","VL_ICMS_ST","Valor do ICMS referente à substituição tributária","N","-","02","OC","",""
"1510","17","IND_REC","Indicador do tipo de receita: 0- Receita própria; 1- Receita de terceiros","C","001*","-","O","",""
"1510","18","COD_PART","Código do participante receptor da receita, terceiro da operação (campo 02 do Registro 0150)","C","060","","OC","",""
"1510","19","VL_PIS","Valor do PIS","N","-","02","OC","",""
"1510","20","VL_COFINS","Valor da COFINS","N","-","02","OC","",""
"1510","21","COD_CTA","Código da conta analítica contábil debitada/creditada","C","-","-","OC","",""
"1600","01","REG","Texto fixo contendo ""1600""","C","004","-","O","",""
"1600","02","COD_PART","Código do participante (campo 02 do Registro 0150): identificação da instituição financeira e/ou de pagamento","C","060","-","O","",""
"1600","03","TOT_CREDITO","Valor total das operações de crédito realizadas no período","N","-","002","O","",""
"1600","04","TOT_DEBITO","Valor total das operações de débito realizadas no período","N","-","002","O","",""
"1601","01","REG","Texto fixo contendo ""1601""","C","004","-","O","",""
"1601","02","COD_PART_IP","Código do participante (campo 02 do Registro 0150): identificação da instituição que efetuou o pagamento","C","060","-","O","",""
"1601","03","COD_PART_IT","Código do participante (campo 02 do Registro 0150): identificação do intermediador da transação","C","060","-","OC","",""
"1601","04","TOT_VS","Valor total bruto das vendas e/ou prestações de serviços no campo de incidência do ICMS, incluindo operações com imunidade do imposto.","N","-","002","O","",""
"1601","05","TOT_ISS","Valor total bruto das prestações de serviços no campo de incidência do ISS","N","-","002","O","",""
"1601","06","TOT_OUTROS","Valor total de operações deduzido dos valores dos campos TOT_VS e TOT_ISS.","N","-","002","O","",""
"1700","01","REG","Texto fixo contendo “1700”.","C","004","-","O","",""
"1700","02","COD_DISP","Código dispositivo autorizado: 00 - Formulário de Segurança – impressor autônomo 01 - FS-DA – Formulário de Segurança para Impressão de DANFE 02 – Formulário de segurança - NF-e 03 - Formulário Contínuo 04 – Blocos 05 - Jogos Soltos","C","002*","-","O","",""
"1700","03","COD_MOD","Código do modelo do dispositivo autorizado, conforme a Tabela 4.1.1","C","002*","-","O","",""
"1700","04","SER","Série do dispositivo autorizado","C","004","-","OC","",""
"1700","05","SUB","Subsérie do dispositivo autorizado","C","003","-","OC","",""
"1700","06","NUM_DOC_INI","Número do dispositivo autorizado (utilizado) inicial","N","012","-","O","",""
"1700","07","NUM_DOC_FIN","Número do dispositivo autorizado (utilizado) final","N","012","-","O","",""
"1700","08","NUM_AUT","Número da autorização, conforme dispositivo autorizado","N","060","-","O","",""
"1710","01","REG","Texto fixo contendo “1710”.","C","004","-","O","",""
"1710","02","NUM_DOC_INI","Número do dispositivo autorizado (inutilizado) inicial","N","012","-","O","",""
"1710","03","NUM_DOC_FIN","Número do dispositivo autorizado (inutilizado) final","N","012","-","O","",""
"1800","01","REG","Texto fixo contendo “1800”.","C","004*","-","O","",""
"1800","02","VL_CARGA","Valor das prestações cargas (Tributado)","N","-","02","O","",""
"1800","03","VL_PASS","Valor das prestações passageiros/cargas (Não Tributado)","N","-","02","O","",""
"1800","04","VL_FAT","Valor total do faturamento (2+3)","N","-","02","O","",""
"1800","05","IND_RAT","Índice para rateio(2 / 4)","N","008","06","O","",""
"1800","06","VL_ICMS_ANT","Valor total dos créditos do ICMS","N","-","02","O","",""
"1800","07","VL_BC_ICMS","Valor da base de cálculo do ICMS","N","-","02","O","",""
"1800","08","VL_ICMS_APUR","Valor do ICMS apurado no cálculo (5 x 6)","N","-","02","O","",""
"1800","09","VL_BC_ICMS_APUR","Valor da base de cálculo do ICMS apurada (5 x 7)","N","-","02","O","",""
"1800","10","VL_DIF","Valor da diferença a ser levada a estorno de crédito na apuração (6 - 8)","N","-","02","O","",""
"1900","01","REG","Texto fixo contendo ""1900""","C","004","-","O","",""
"1900","02","IND_APUR_ICMS","Indicador de outra apuração do ICMS: 3 – APURAÇÃO 1; 4 – APURAÇÃO 2; 5 – APURAÇÃO 3; 6 – APURAÇÃO 4;","C","001*","-","O","",""
"1900","03","DESCR_COMPL_OUT_APUR","Descrição complementar de Outra Apuração do ICMS","C","-","-","O","",""
"1910","01","REG","Texto fixo contendo ""1910""","C","004","-","O","",""
"1910","02","DT_INI","Data inicial da sub-apuração","N","008*","-","O","",""
"1910","03","DT_FIN","Data final da sub-apuração","N","008*","-","O","",""
"1920","01","REG","Texto fixo contendo ""1920""","C","004","-","O","",""
"1920","02","VL_TOT_TRANSF_DEBITOS_OA","Valor total dos débitos por “Saídas e prestações com débito do imposto”","N","-","02","O","",""
"1920","03","VL_TOT_AJ_DEBITOS_OA","Valor total de “Ajustes a débito”","N","-","02","O","",""
"1920","04","VL_ESTORNOS_CRED_OA","Valor total de Ajustes “Estornos de créditos”","N","-","02","O","",""
"1920","05","VL_TOT_TRANSF_CREDITOS_OA","Valor total dos créditos por “Entradas e aquisições com crédito do imposto”","N","-","02","O","",""
"1920","06","VL_TOT_AJ_CREDITOS_OA","Valor total de “Ajustes a crédito”","N","-","02","O","",""
"1920","07","VL_ESTORNOS_DEB_OA","Valor total de Ajustes “Estornos de Débitos”","N","-","02","O","",""
"1920","08","VL_SLD_CREDOR_ANT_OA","Valor total de “Saldo credor do período anterior”","N","-","02","O","",""
"1920","09","VL_SLD_APURADO_OA","Valor do saldo devedor apurado","N","-","02","O","",""
"1920","10","VL_TOT_DED","Valor total de “Deduções”","N","-","02","O","",""
"1920","11","VL_ICMS_RECOLHER_OA","Valor total de ""ICMS a recolher (09-10)","N","-","02","O","",""
"1920","12","VL_SLD_CREDOR_TRANSP_OA","Valor total de “Saldo credor a transportar para o período seguinte”","N","-","02","O","",""
"1920","13","DEB_ESP_OA","Valores recolhidos ou a recolher, extra- apuração.","N","-","02","O","",""
"1921","01","REG","Texto fixo contendo ""1921""","C","004","-","O","",""
"1921","02","COD_AJ_APUR","Código do ajuste da SUB-APURAÇÃO e dedução, conforme a Tabela indicada no item 5.1.1.","C","008*","-","O","",""
"1921","03","DESCR_COMPL_AJ","Descrição complementar do ajuste da apuração.","C","-","-","OC","",""
"1921","04","VL_AJ_APUR","Valor do ajuste da apuração","N","-","02","O","",""
"1922","01","REG","Texto fixo contendo ""1922""","C","004","-","O","",""
"1922","02","NUM_DA","Número do documento de arrecadação estadual, se houver","C","-","-","OC","",""
"1922","03","NUM_PROC","Número do processo ao qual o ajuste está vinculado, se houver","C","060","-","OC","",""
"1922","04","IND_PROC","Indicador da origem do processo: 0- SEFAZ; 1- Justiça Federal; 2- Justiça Estadual; 9- Outros","C","001*","-","OC","",""
"1922","05","PROC","Descrição resumida do processo que embasou o lançamento","C","-","-","OC","",""
"1922","06","TXT_COMPL","Descrição complementar","C","-","-","OC","",""
"1923","01","REG","Texto fixo contendo ""1923""","C","004","-","O","",""
"1923","02","COD_PART","Código do participante (campo 02 do Registro 0150): - do emitente do documento ou do remetente das mercadorias, no caso de entradas; - do adquirente, no caso de saídas","C","060","-","O","",""
"1923","03","COD_MOD","Código do modelo do documento fiscal, conforme a Tabela 4.1.1","C","002*","-","O","",""
"1923","04","SER","Série do documento fiscal","C","004","-","OC","",""
"1923","05","SUB","Subsérie do documento fiscal","N","003","-","OC","",""
"1923","06","NUM_DOC","Número do documento fiscal","N","009","-","O","",""
"1923","07","DT_DOC","Data da emissão do documento fiscal","N","008*","-","O","",""
"1923","08","COD_ITEM","Código do item (campo 02 do Registro 0200)","C","060","-","OC","",""
"1923","09","VL_AJ_ITEM","Valor do ajuste para a operação/item","N","-","02","O","",""
"1923","10","CHV_DOCe","Chave do Documento Eletrônico","C","044*","-","OC","",""
"1925","01","REG","Texto fixo contendo ""1925""","C","004","-","O","",""
"1925","02","COD_INF_ADIC","Código da informação adicional conforme tabela a ser definida pelas SEFAZ, conforme tabela definida no item 5.2.","C","008*","-","O","",""
"1925","03","VL_INF_ADIC","Valor referente à informação adicional","N","-","02","O","",""
"1925","04","DESCR_COMPL_AJ","Descrição complementar do ajuste","C","-","-","OC","",""
"1926","01","REG","Texto fixo contendo ""1926""","C","004","-","O","",""
"1926","02","COD_OR","Código da obrigação a recolher, conforme a Tabela 5.4","C","003*","-","O","",""
"1926","03","VL_OR","Valor da obrigação a recolher","N","-","02","O","",""
"1926","04","DT_VCTO","Data de vencimento da obrigação","N","008*","-","O","",""
"1926","05","COD_REC","Código de receita referente à obrigação, próprio da unidade da federação, conforme legislação estadual,","C","-","-","O","",""
"1926","06","NUM_PROC","Número do processo ou auto de infração ao qual a obrigação está vinculada, se houver.","C","060","-","OC","",""
"1926","07","IND_PROC","Indicador da origem do processo: 0- SEFAZ; 1- Justiça Federal; 2- Justiça Estadual; 9- Outros","C","001*","-","OC","",""
"1926","08","PROC","Descrição resumida do processo que embasou o lançamento","C","-","-","OC","",""
"1926","09","TXT_COMPL","Descrição complementar das obrigações a recolher.","C","-","-","OC","",""
"1926","10","MES_REF*","Informe o mês de referência no formato “mmaaaa”","N","006*","-","O","",""
"1960","01","REG","Texto fixo contendo ""1960""","C","004","-","O","",""
"1960","02","IND_AP","Indicador da sub-apuração por tipo de benefício (conforme tabela 4.7.1)","N","002*","-","O","",""
"1960","03","G1_01","Percentual de crédito presumido","N","-","02","O","",""
"1960","04","G1_02","Saídas não incentivadas de PI","N","-","02","O","",""
"1960","05","G1_03","Saídas incentivadas de PI","N","-","02","O","",""
"1960","06","G1_04","Saídas incentivadas de PI para fora do Nordeste","N","-","02","O","",""
"1960","07","G1_05","Saldo devedor do ICMS antes das deduções do incentivo","N","-","02","O","",""
"1960","08","G1_06","Saldo devedor do ICMS relativo à faixa incentivada de PI","N","-","02","O","",""
"1960","09","G1_07","Crédito presumido nas saídas incentivadas de PI para fora do Nordeste","N","-","02","O","",""
"1960","10","G1_08","Saldo devedor relativo à faixa incentivada de PI após o crédito presumido nas saídas para fora do Nordeste","N","-","02","O","",""
"1960","11","G1_09","Crédito presumido","N","-","02","O","",""
"1960","12","G1_10","Dedução de incentivo da Indústria (crédito presumido)","N","-","02","O","",""
"1960","13","G1_11","Saldo devedor do ICMS após deduções","N","-","02","O","",""
"1970","01","REG","Texto fixo contendo ""1970""","C","004","-","O","",""
"1970","02","IND_AP","Indicador da sub-apuração por tipo de benefício (conforme tabela 4.7.1)","N","002*","-","O","",""
"1970","03","G3_01","Importações com ICMS diferido","N","-","02","O","",""
"1970","04","G3_02","ICMS diferido nas importações","N","-","02","O","",""
"1970","05","G3_03","Saídas não incentivadas de PI","N","-","02","O","",""
"1970","06","G3_04","Percentual de incentivo nas saídas para fora do Estado","N","-","02","O","",""
"1970","07","G3_05","Saídas incentivadas de PI para fora do Estado","N","-","02","O","",""
"1970","08","G3_06","ICMS das saídas incentivadas de PI para fora do Estado","N","-","02","O","",""
"1970","09","G3_07","Crédito presumido nas saídas para fora do Estado.","N","-","02","O","",""
"1970","10","G3_T","Dedução de incentivo da Importação (crédito presumido)","N","-","02","O","",""
"1970","11","G3_08","Saldo devedor do ICMS antes das deduções do incentivo","N","-","02","O","",""
"1970","12","G3_09","Saldo devedor do ICMS após deduções do incentivo","N","-","02","O","",""
"1975","01","REG","Texto fixo contendo ""1975""","C","004","-","O","",""
"1975","02","ALIQ_IMP_BASE","Alíquota incidente sobre as importações-base","N","-","02","O","",""
"1975","03","G3_10","Saídas incentivadas de PI","N","-","02","O","",""
"1975","04","G3_11","Importações-base para o crédito presumido","N","-","02","O","",""
"1975","05","G3_12","Crédito presumido nas saídas internas","N","-","02","O","",""
"1980","01","REG","Texto fixo contendo ""1980""","C","004","-","O","",""
"1980","02","IND_AP","Indicador da sub-apuração por tipo de benefício (conforme Tabela 4.7.1)","N","002*","-","O","",""
"1980","03","G4_01","Entradas (percentual de incentivo)","N","-","02","O","",""
"1980","04","G4_02","Entradas não incentivadas de PI","N","-","02","O","",""
"1980","05","G4_03","Entradas incentivadas de PI","N","-","02","O","",""
"1980","06","G4_04","Saídas (percentual de incentivo)","N","-","02","O","",""
"1980","07","G4_05","Saídas não incentivadas de PI","N","-","02","O","",""
"1980","08","G4_06","Saídas incentivadas de PI","N","-","02","O","",""
"1980","09","G4_07","Saldo devedor do ICMS antes das deduções do incentivo (PI e itens não incentivados)","N","-","02","O","",""
"1980","10","G4_08","Crédito presumido nas entradas incentivadas de PI","N","-","02","O","",""
"1980","11","G4_09","Crédito presumido nas saídas incentivadas de PI","N","-","02","O","",""
"1980","12","G4_10","Dedução de incentivo da Central de Distribuição (entradas/saídas)","N","-","02","O","",""
"1980","13","G4_11","Saldo devedor do ICMS após deduções do incentivo","N","-","02","O","",""
"1980","14","G4_12","Índice de recolhimento da central de distribuição","N","-","02","O","",""
"1990","01","REG","Texto fixo contendo ""1990""","C","004","-","O","",""
"1990","02","QTD_LIN_1","Quantidade total de linhas do Bloco 1","N","-","-","O","",""
"9001","01","REG","Texto fixo contendo “9001”.","C","004","-","O","",""
"9001","02","IND_MOV","Indicador de movimento: 0 - Bloco com dados informados; 1 - Bloco sem dados informados.","N","001*","-","O","",""
"9900","01","REG","Texto fixo contendo “9900”.","C","004","-","O","",""
"9900","02","REG_BLC","Registro que será totalizado no próximo campo.","C","004","-","O","",""
"9900","03","QTD_REG_BLC","Total de registros do tipo informado no campo anterior.","N","-","-","O","",""
"9990","01","REG","Texto fixo contendo “9990”.","C","004","-","O","",""
"9990","02","QTD_LIN_9","Quantidade total de linhas do Bloco 9.","N","-","-","O","",""
"9999","01","REG","Texto fixo contendo “9999”.","C","004","-","O","",""
"9999","02","QTD_LIN","Quantidade total de linhas do arquivo digital.","N","-","-","O","",""
